Transaction_ID,Transaction_Amount,Transaction_Volume,Average_Transaction_Amount,Frequency_of_Transactions,Time_Since_Last_Transaction,Day_of_Week,Time_of_Day,Age,Gender,Income,Account_Type,is_anomaly
TX0,1024.8357076505615,3,997.2347139765764,12,29,Friday,06:00,36,Male,1436074,Savings,False
TX1,1013.9520646100068,4,1020.2103056961304,7,22,Friday,01:00,41,Female,627069,Savings,False
TX2,970.9560932988244,1,989.496603856437,5,12,Tuesday,21:00,61,Male,786232,Savings,False
TX3,1040.8222540475665,2,969.5224800476828,16,28,Sunday,14:00,61,Male,619030,Savings,False
TX4,998.7772411252968,1,1007.1110263424488,7,7,Friday,08:00,56,Female,649457,Savings,False
TX5,969.9873074947044,1,1018.9487964209328,6,20,Thursday,14:00,24,Male,872843,Savings,False
TX6,973.3175598078756,2,999.8894427535976,5,4,Tuesday,07:00,21,Male,1105889,Savings,False
TX7,931.103034808876,4,992.9376669598588,10,29,Sunday,17:00,43,Male,502283,Savings,False
TX8,1036.9233289997703,4,1003.4273656237996,18,23,Thursday,07:00,38,Female,323247,Savings,False
TX9,1013.1743020115103,4,1032.8354223202816,14,25,Thursday,12:00,58,Female,1278732,Current,False
TX10,966.153899984702,4,1012.2335257768174,19,11,Wednesday,16:00,25,Male,313986,Savings,False
TX11,1023.8021293713484,2,1026.0732253679716,11,26,Monday,06:00,26,Female,1379111,Current,False
TX12,955.1832408435348,3,997.7602435898611,11,24,Friday,02:00,61,Female,324538,Savings,False
TX13,897.7788489090043,3,1021.3896177239386,18,3,Monday,04:00,43,Male,923094,Current,False
TX14,998.2086980445024,1,1031.29287311628,19,15,Tuesday,09:00,30,Male,553618,Savings,False
TX15,1004.3523534119086,4,994.0198529906828,17,4,Saturday,04:00,40,Female,1273548,Savings,False
TX16,929.070176849222,1,1003.8067396993032,11,27,Wednesday,21:00,45,Female,343585,Current,False
TX17,926.6516057410236,1,1017.8525894301232,10,28,Thursday,11:00,61,Female,325939,Savings,False
TX18,1004.853877467402,2,1019.3728998106578,11,28,Monday,06:00,50,Female,985440,Savings,False
TX19,980.394592343392,4,970.7297010373576,17,9,Wednesday,06:00,23,Female,321959,Savings,False
TX20,934.5024656393764,1,1058.8732683296255,7,10,Thursday,23:00,32,Female,361087,Current,False
TX21,1094.3092950605264,1,1003.4915562566368,18,17,Tuesday,19:00,29,Male,365318,Savings,False
TX22,904.061439235048,1,999.4697224910155,12,17,Wednesday,16:00,19,Male,1320545,Savings,False
TX23,977.9116988386994,4,998.3166982963764,5,1,Wednesday,01:00,61,Female,425657,Savings,False
TX24,1057.141140725751,3,1015.0386606537356,5,6,Friday,19:00,51,Male,1283237,Savings,False
TX25,1060.9025218878255,4,992.2108395139304,5,9,Thursday,05:00,33,Female,1364284,Current,False
TX26,979.1771818224312,4,1017.1500650317622,7,26,Wednesday,18:00,37,Female,958271,Current,False
TX27,1021.4006420494712,4,950.606022698648,5,11,Thursday,17:00,40,Male,854594,Current,False
TX28,968.7191852383534,4,989.5507704093484,13,20,Thursday,16:00,19,Female,986976,Savings,False
TX29,1012.9941397124212,1,1015.6364574355462,13,3,Wednesday,15:00,33,Female,890978,Savings,False
TX30,985.7255349506836,1,1021.305849376919,12,20,Wednesday,16:00,25,Male,1091971,Savings,False
TX31,1011.3144134749438,3,1016.9480286515328,18,25,Wednesday,17:00,63,Male,1426081,Current,False
TX32,1052.4673696160432,1,1026.502113230284,8,1,Thursday,00:00,31,Female,1177844,Current,False
TX33,976.8736569899124,4,977.7500529134112,11,3,Monday,00:00,29,Male,407450,Current,False
TX34,931.5064471641851,2,984.5643850101349,18,6,Saturday,12:00,25,Male,1499386,Savings,False
TX35,903.18118950077,1,983.0528494377472,16,15,Monday,04:00,36,Male,1274339,Current,False
TX36,1002.0990032235012,1,997.2545636580436,16,28,Saturday,13:00,23,Female,478274,Current,False
TX37,1030.3064681549542,3,961.115408125008,7,28,Monday,19:00,38,Male,568246,Savings,False
TX38,994.4398000094866,2,965.0186113165678,13,10,Sunday,21:00,20,Female,1317703,Savings,False
TX39,942.61400135875,3,1027.7920565629315,15,10,Tuesday,16:00,57,Female,1323904,Current,False
TX40,1020.93197345863,3,985.4364150127332,17,10,Sunday,02:00,42,Female,1097079,Savings,False
TX41,1001.1965907232918,1,1017.438279776248,8,13,Thursday,00:00,25,Female,748982,Savings,False
TX42,1003.4175625551916,4,991.8118233885688,11,22,Wednesday,21:00,39,Male,1379600,Current,False
TX43,955.3439863185388,1,993.3036550521052,12,21,Thursday,11:00,61,Female,1304646,Current,False
TX44,1119.451797869623,3,1036.8682751664107,12,20,Friday,17:00,59,Female,1170045,Savings,False
TX45,994.6402762419438,3,990.2756542849376,16,26,Sunday,04:00,43,Male,1356884,Current,False
TX46,993.2141308840884,4,984.1298996465478,9,1,Tuesday,00:00,64,Male,1343233,Savings,False
TX47,984.0322461092612,1,995.9076698904482,12,13,Friday,00:00,33,Male,706716,Savings,False
TX48,1018.8648132730204,2,1033.0270197295897,17,23,Wednesday,11:00,43,Male,367215,Current,False
TX49,965.9997832941028,3,994.7318831026546,5,14,Saturday,19:00,22,Male,526507,Current,False
TX50,972.5373546317848,2,1021.935925088828,18,5,Sunday,09:00,22,Female,950419,Current,False
TX51,1072.0636644533058,2,971.2827569764112,5,24,Friday,12:00,21,Female,851951,Savings,False
TX52,1009.9529847786736,1,987.995662456824,16,27,Thursday,23:00,29,Male,836226,Current,False
TX53,969.2433161114336,3,1042.2263528323251,15,5,Thursday,02:00,18,Female,1386880,Savings,False
TX54,942.75257399643,1,1011.8263223385596,17,12,Sunday,13:00,19,Female,1179090,Current,False
TX55,922.8137298654052,2,1022.3378688040336,12,29,Tuesday,09:00,43,Male,365953,Current,False
TX56,998.5789271200466,2,965.6715110811206,9,18,Friday,10:00,46,Male,831831,Current,False
TX57,1040.643105941948,1,1012.5925768384724,8,10,Friday,08:00,41,Male,1133727,Savings,False
TX58,1080.541015469625,4,1010.5592085405294,6,17,Sunday,23:00,40,Female,700573,Savings,False
TX59,2769.890232195161,3,1007.2613920667462,17,23,Monday,02:00,58,Male,1198320,Current,True
TX60,983.7013429509256,1,1065.079702521752,10,13,Wednesday,18:00,53,Male,709995,Savings,False
TX61,1019.6020944866298,3,997.5094950481264,8,19,Tuesday,14:00,33,Female,1173332,Current,False
TX62,1010.0953720901398,4,983.90526629849,15,21,Thursday,20:00,40,Male,497775,Savings,False
TX63,965.042671095404,3,999.8236590750838,14,5,Wednesday,22:00,46,Female,1438506,Current,False
TX64,1030.692067073771,1,1027.1576157619998,10,7,Saturday,12:00,57,Male,339081,Savings,False
TX65,1044.3100983064687,2,995.32593641372,9,29,Friday,05:00,36,Male,1376871,Savings,False
TX66,927.5957829251338,4,971.8507245124688,5,7,Monday,12:00,21,Male,817923,Current,False
TX67,964.0777889373782,1,995.7310569657632,16,22,Sunday,09:00,43,Male,1049074,Savings,False
TX68,999.0491896048655,1,979.9494127072438,6,28,Saturday,19:00,45,Male,751015,Current,False
TX69,1016.1359280169044,1,983.4553811289536,7,13,Thursday,16:00,42,Male,513920,Current,False
TX70,1011.2046240905208,1,1000.251848015636,8,3,Wednesday,19:00,35,Female,1158158,Savings,False
TX71,1072.557180389752,3,1019.1854165217042,5,21,Saturday,21:00,20,Male,1498735,Current,False
TX72,1018.3454708548488,2,1004.1899372526472,12,6,Thursday,23:00,45,Female,1205588,Current,False
TX73,958.0139078909611,2,988.0121470911196,12,26,Thursday,17:00,45,Female,720571,Current,False
TX74,933.7194862248706,3,984.5758907683658,10,17,Monday,00:00,37,Male,1342892,Savings,False
TX75,955.079266432582,2,1009.83838343013,7,29,Saturday,17:00,22,Male,875278,Savings,False
TX76,1007.1025045958784,1,1020.7431692988926,11,24,Monday,21:00,18,Female,412816,Savings,False
TX77,1068.6188898273624,1,986.4442781401324,10,27,Wednesday,16:00,30,Male,451456,Savings,False
TX78,877.3867699342134,1,981.9741236267066,9,16,Sunday,05:00,45,Male,1015460,Savings,False
TX79,1075.8116661466947,1,1006.2491696219588,14,10,Wednesday,16:00,38,Male,1387341,Savings,False
TX80,957.5739650306044,4,981.2750994344408,18,1,Monday,07:00,49,Male,392193,Savings,False
TX81,958.6053460542144,2,993.9227112913816,14,2,Saturday,21:00,20,Female,918362,Savings,False
TX82,1046.853626015759,4,988.6134773890244,9,27,Monday,16:00,64,Male,839542,Current,False
TX83,1032.2687974792573,2,1027.372631150647,15,19,Sunday,05:00,51,Female,306949,Savings,False
TX84,1080.528923161165,3,1025.4798678117763,15,19,Sunday,01:00,55,Male,1274304,Current,False
TX85,975.6642751978624,3,1026.6889128172827,14,19,Monday,04:00,46,Male,733027,Current,False
TX86,1060.607821661255,1,997.1190140345096,16,20,Friday,01:00,23,Female,1354145,Savings,False
TX87,1056.1338842399011,4,971.17608479008,15,19,Sunday,22:00,33,Male,502846,Savings,False
TX88,1080.589638285922,4,983.740889037627,12,4,Monday,02:00,49,Female,726650,Current,False
TX89,950.7136976832228,2,1010.0809303103568,7,19,Friday,04:00,35,Female,1459771,Current,False
TX90,988.2070095924662,2,998.4647218194334,5,5,Monday,11:00,43,Female,1048589,Savings,False
TX91,1002.8737001512148,1,954.343950199184,15,9,Tuesday,14:00,39,Male,1227982,Savings,False
TX92,938.6973497900948,4,1000.8333053425076,17,17,Tuesday,03:00,18,Female,490471,Current,False
TX93,963.1793913871176,3,1011.5900880309972,19,24,Saturday,13:00,43,Male,1115131,Savings,False
TX94,968.6737908655728,1,956.1573988751604,14,14,Wednesday,23:00,24,Male,960482,Savings,False
TX95,1001.4310279783912,3,1019.3724631260884,16,13,Tuesday,05:00,52,Female,1121106,Savings,False
TX96,959.474707651039,1,981.9091623242584,16,10,Sunday,16:00,56,Female,1070173,Savings,False
TX97,1084.3570817536283,3,1017.632795138989,13,13,Tuesday,14:00,53,Female,326069,Current,False
TX98,1076.156203863483,1,1010.7782008736932,16,19,Tuesday,08:00,54,Male,1302163,Savings,False
TX99,1046.308877376582,4,1038.1883328094027,15,13,Saturday,04:00,50,Female,1202580,Savings,False
TX100,967.4678715439088,3,990.257492324706,18,24,Sunday,08:00,20,Male,718034,Savings,False
TX101,1039.8742102239155,3,1002.9040812057092,10,22,Monday,23:00,55,Male,1099666,Savings,False
TX102,1028.317006525951,3,1016.6363635221052,12,26,Wednesday,12:00,61,Male,437541,Current,False
TX103,1032.0291003474576,4,983.704317440194,19,1,Tuesday,13:00,55,Female,1088260,Current,False
TX104,1038.2126099304512,1,1000.215963296194,15,3,Monday,05:00,27,Male,1430756,Current,False
TX105,1050.314640460722,1,988.462162609537,19,5,Monday,16:00,26,Male,393070,Savings,False
TX106,876.4177749936355,2,984.0620948905904,19,17,Friday,11:00,31,Female,1188266,Savings,False
TX107,1004.329489373645,2,996.8864552921584,16,29,Wednesday,08:00,54,Female,1248027,Current,False
TX108,984.0760744674832,1,993.6188595786732,7,27,Saturday,03:00,42,Female,1362636,Current,False
TX109,1085.464624736481,4,1016.4980037225748,11,8,Saturday,18:00,55,Female,1289024,Current,False
TX110,1000.9209189594776,1,1033.5287462455055,5,1,Sunday,22:00,19,Male,711597,Savings,False
TX111,885.5469371533501,3,1028.64963834905,11,19,Tuesday,19:00,32,Female,1206862,Savings,False
TX112,1031.6390933053142,3,1045.413857156088,15,4,Friday,05:00,50,Male,1380730,Savings,False
TX113,1075.4885656229812,3,1008.0406896009384,14,1,Saturday,05:00,30,Female,1420483,Savings,False
TX114,1112.8599140546569,3,981.3272378147416,17,8,Friday,14:00,21,Male,663339,Current,False
TX115,1066.521928163454,2,1039.986344124996,15,27,Friday,19:00,28,Male,688349,Savings,False
TX116,1008.5297101790431,4,1016.711307966998,11,15,Tuesday,13:00,60,Male,433515,Savings,False
TX117,986.5582911602412,4,991.2027142476916,16,11,Thursday,11:00,53,Male,495716,Savings,False
TX118,1010.843051849147,2,1008.8423333062694,5,28,Sunday,08:00,46,Male,1343917,Current,False
TX119,950.519758987071,1,997.484261598007,14,14,Thursday,21:00,40,Male,794592,Savings,False
TX120,1002.7862456144348,4,1021.883830369419,19,21,Sunday,08:00,26,Male,357545,Savings,False
TX121,949.3947812369915,1,966.9028665626846,14,11,Saturday,01:00,24,Female,1474737,Current,False
TX122,1042.026362512578,4,999.2301655996052,15,27,Thursday,18:00,41,Female,1106388,Savings,False
TX123,988.453273489566,3,1013.9241272962684,15,22,Tuesday,17:00,38,Female,458768,Savings,False
TX124,986.5555654722584,4,977.8694818251666,19,29,Monday,06:00,18,Female,1081452,Current,False
TX125,931.8648198230012,4,961.7749264021196,7,29,Monday,12:00,46,Male,897135,Current,False
TX126,964.3577108661418,2,1002.128604553838,7,15,Tuesday,01:00,45,Female,862288,Current,False
TX127,1062.3042596248815,3,958.532195351837,8,1,Friday,22:00,56,Male,1427199,Savings,False
TX128,1025.6897706790303,2,994.112666779634,16,1,Sunday,22:00,45,Female,952465,Savings,False
TX129,987.1591486037134,1,1020.485731635588,11,3,Sunday,07:00,64,Male,762052,Savings,False
TX130,1025.0238759710317,3,978.9348255871,12,2,Wednesday,23:00,31,Female,1030399,Savings,False
TX131,1011.7326002577544,4,1005.0551101507576,8,5,Saturday,20:00,31,Female,1068734,Savings,False
TX132,969.828187254862,2,994.8575545750556,11,1,Sunday,20:00,36,Male,1237583,Current,False
TX133,1016.306651112106,4,974.977728472294,6,2,Monday,14:00,22,Female,387955,Savings,False
TX134,1050.2551081149827,3,989.8512542818404,11,23,Thursday,19:00,22,Female,1296261,Current,False
TX135,968.6344729161348,1,1025.0330294279966,16,3,Thursday,21:00,61,Male,843351,Current,False
TX136,999.0055135254604,4,1006.672870629012,5,18,Wednesday,16:00,31,Male,859655,Savings,False
TX137,960.284871241824,1,1032.4153604693454,10,22,Wednesday,13:00,21,Female,1080316,Savings,False
TX138,973.012015984532,3,984.4339054919536,10,18,Friday,09:00,53,Male,488456,Savings,False
TX139,1020.4126377857236,1,965.9483279152432,10,26,Thursday,22:00,59,Female,1016756,Current,False
TX140,955.0600045878768,3,981.8073220502006,12,2,Thursday,12:00,24,Male,524137,Current,False
TX141,992.09492549649,4,1016.1318649582736,18,26,Saturday,01:00,60,Male,1498898,Current,False
TX142,1007.36039146848,1,995.5491705565772,9,11,Wednesday,03:00,56,Female,528071,Current,False
TX143,952.5300555584028,3,1052.647641296748,12,22,Saturday,04:00,50,Male,544883,Savings,False
TX144,1014.1779035305456,1,994.3876796767036,18,27,Friday,10:00,51,Female,799137,Current,False
TX145,998.250575475152,3,1035.4160127127102,12,10,Monday,06:00,52,Male,1393762,Savings,False
TX146,984.6107191660094,3,986.822031560476,15,17,Friday,16:00,27,Female,860696,Savings,False
TX147,2802.0978166293894,2,995.4750956198264,12,19,Sunday,20:00,34,Female,694966,Savings,True
TX148,1041.8848719200244,4,1027.3597061488483,13,18,Monday,11:00,32,Female,1209164,Current,False
TX149,984.4827192022008,4,1002.3136964398906,11,17,Sunday,20:00,39,Male,1393389,Savings,False
TX150,1017.876312191861,3,988.2546116446764,12,18,Wednesday,22:00,46,Male,699953,Savings,False
TX151,1067.8316691091727,3,945.7501901630404,5,14,Sunday,23:00,52,Male,859723,Current,False
TX152,947.8757562886432,3,1025.5585365847633,11,12,Sunday,14:00,21,Male,1141052,Current,False
TX153,1061.5080656728574,1,1016.7212210231904,17,10,Thursday,01:00,52,Male,759297,Savings,False
TX154,1035.6699795102722,3,1000.9403442624748,15,7,Saturday,19:00,46,Female,722845,Current,False
TX155,1129.8852321617192,4,986.9925811185994,19,25,Tuesday,06:00,37,Male,1492324,Current,False
TX156,906.9325548161588,2,994.005228467816,8,18,Saturday,04:00,42,Male,1085332,Savings,False
TX157,998.2657556306608,1,1004.6842946507304,13,24,Thursday,11:00,54,Male,1211420,Current,False
TX158,1028.1539436986286,3,969.3494531616536,12,14,Wednesday,12:00,51,Female,479352,Savings,False
TX159,995.145021629834,4,1001.0863777290848,8,29,Sunday,21:00,62,Male,1251661,Savings,False
TX160,968.1130007874342,2,989.3800608999636,13,17,Tuesday,02:00,23,Male,1268452,Current,False
TX161,937.5412469337977,1,1011.4296139315396,7,20,Tuesday,16:00,59,Male,777602,Savings,False
TX162,1039.7953252423738,4,1020.970618770152,7,3,Saturday,12:00,64,Female,1146936,Current,False
TX163,1077.3752600665032,2,1035.9175534619103,15,9,Wednesday,08:00,20,Male,665464,Current,False
TX164,1025.336733124342,3,995.9857410332544,15,2,Thursday,14:00,55,Male,1483620,Savings,False
TX165,1002.2796082235024,1,987.380157402521,16,16,Friday,04:00,30,Female,869936,Savings,False
TX166,1045.3747384208627,3,1000.717890995354,12,8,Tuesday,07:00,44,Female,1309612,Savings,False
TX167,1029.196409266298,3,992.8141581842588,12,28,Monday,15:00,58,Male,405228,Current,False
TX168,1025.1208316093514,2,1017.148918634348,8,27,Saturday,06:00,22,Female,348874,Current,False
TX169,997.9189253353744,3,1011.1211329565772,11,10,Tuesday,10:00,47,Male,342534,Savings,False
TX170,1018.433665443645,2,992.1332237534529,17,29,Thursday,06:00,19,Male,788972,Savings,False
TX171,1009.5549534009951,1,1000.928730963123,12,2,Thursday,23:00,62,Female,558722,Current,False
TX172,980.4530715167388,3,986.5913686590748,14,9,Tuesday,14:00,47,Female,1299701,Savings,False
TX173,1008.7772914945252,2,1008.1702469675486,8,27,Monday,11:00,39,Female,626032,Current,False
TX174,909.5020549509647,2,1019.3002992212646,12,27,Tuesday,17:00,31,Female,1463950,Current,False
TX175,1018.3551133394034,3,989.4838922537408,17,11,Monday,05:00,64,Male,589226,Savings,False
TX176,972.24002366534,2,1037.6231413888115,6,29,Thursday,16:00,52,Female,1224044,Savings,False
TX177,1004.4476136304852,1,1023.318274307428,17,11,Thursday,01:00,64,Female,614451,Savings,False
TX178,935.9847800664552,1,1017.4491465656027,18,12,Thursday,20:00,64,Male,1008691,Current,False
TX179,923.7237414537632,3,986.1618386023752,15,1,Tuesday,05:00,32,Female,1294465,Current,False
TX180,937.4230287904778,3,1028.8752920814652,16,16,Wednesday,07:00,63,Female,677816,Savings,False
TX181,1017.1362673188852,3,1009.1350643830756,15,14,Tuesday,19:00,24,Female,1346914,Savings,False
TX182,967.5013394068264,4,1018.744472430697,16,26,Wednesday,19:00,63,Female,1086958,Savings,False
TX183,948.4641248599238,1,999.0046698070184,18,12,Thursday,03:00,26,Female,1077147,Savings,False
TX184,1006.4052207455396,1,986.3789668505024,6,24,Wednesday,12:00,34,Male,1344244,Current,False
TX185,991.348256065154,2,986.2368061979944,19,6,Wednesday,12:00,42,Female,1412864,Savings,False
TX186,1046.9924051764845,1,1016.9202708934254,5,12,Monday,13:00,49,Female,636585,Current,False
TX187,1003.1251366624738,1,984.3905198734932,17,1,Friday,19:00,43,Male,978758,Current,False
TX188,3094.8174151902567,3,980.4246670427748,6,10,Sunday,11:00,57,Female,1158058,Current,True
TX189,1085.0848104266731,3,1027.6629000174455,13,18,Thursday,07:00,25,Female,1243793,Current,False
TX190,1063.259862581185,3,1011.1871841745666,15,7,Wednesday,19:00,33,Female,1283939,Savings,False
TX191,1067.5739214736757,3,1009.282693204466,7,9,Thursday,09:00,31,Male,673706,Current,False
TX192,1032.5140787479852,4,1031.347060039188,17,25,Friday,18:00,36,Female,1499670,Savings,False
TX193,1083.5760117702705,1,995.9193883803788,11,21,Sunday,18:00,61,Female,1106481,Current,False
TX194,1025.2995554979768,3,960.0517731308098,7,28,Tuesday,18:00,52,Male,816998,Current,False
TX195,1054.5523051082334,3,997.785331418386,14,29,Thursday,04:00,21,Female,926045,Savings,False
TX196,1011.2225909279986,4,1020.9419660522432,14,21,Tuesday,03:00,19,Female,589102,Current,False
TX197,991.368635002959,2,1017.6731987497336,7,19,Tuesday,21:00,29,Female,549474,Current,False
TX198,1073.8270174862948,3,1027.601827082949,5,3,Tuesday,07:00,53,Female,1229065,Savings,False
TX199,1016.1900063802972,1,994.1702004201302,13,22,Thursday,14:00,31,Female,1025495,Savings,False
TX200,1090.5846028059514,3,1017.6945284350828,10,17,Wednesday,01:00,52,Male,1336548,Current,False
TX201,1055.386022514085,4,985.8384226761171,8,13,Sunday,14:00,48,Female,1204586,Savings,False
TX202,992.4790072769084,4,1019.9109717072456,14,29,Tuesday,11:00,47,Male,1368392,Current,False
TX203,922.1709050670124,3,991.4376967806818,16,1,Monday,21:00,37,Male,516184,Savings,False
TX204,918.163750435033,4,1024.1138292016285,9,17,Monday,23:00,61,Male,641815,Savings,False
TX205,1051.514172701592,4,1004.7757831805304,15,29,Thursday,17:00,31,Male,1046788,Savings,False
TX206,993.4542013615126,1,979.3009027093574,15,5,Monday,16:00,31,Female,1243115,Savings,False
TX207,1006.9671296810632,1,1009.0506978364268,11,24,Sunday,10:00,40,Female,379141,Current,False
TX208,1055.4091408368758,2,979.2018814574894,16,23,Tuesday,20:00,18,Male,1325799,Current,False
TX209,977.078152990654,3,988.1232698200308,10,15,Tuesday,00:00,43,Female,1473930,Current,False
TX210,998.455618221421,1,1040.068145343642,14,8,Sunday,07:00,29,Male,730424,Savings,False
TX211,1055.2762966478992,3,1023.7406061112076,19,16,Saturday,20:00,22,Male,458056,Savings,False
TX212,1015.1317732619516,2,984.9144829996128,10,9,Monday,08:00,42,Female,935567,Savings,False
TX213,983.2746246821628,3,1004.1238196405864,13,11,Thursday,01:00,55,Male,784965,Current,False
TX214,1045.0737314973892,1,997.2227482561066,13,23,Wednesday,12:00,28,Male,1090144,Savings,False
TX215,1006.024997939465,1,979.4265133374184,9,15,Monday,11:00,24,Male,964468,Current,False
TX216,1043.7417219134566,1,956.8603871060066,5,17,Wednesday,11:00,55,Male,934122,Current,False
TX217,1082.1007580068183,2,1020.1963417868528,6,14,Monday,02:00,38,Female,525049,Current,False
TX218,918.4663316292368,4,1003.4194194313644,19,11,Sunday,05:00,63,Female,982347,Current,False
TX219,1037.9464294893382,1,1005.6238284793876,8,11,Wednesday,14:00,21,Male,1070188,Current,False
TX220,962.3017705566662,1,994.3864984626643,8,16,Friday,19:00,63,Female,991738,Current,False
TX221,1002.889779279261,4,1015.3931550269124,14,4,Saturday,17:00,19,Male,1000336,Current,False
TX222,947.068032530146,4,1001.2633091861436,14,7,Friday,06:00,59,Female,1029532,Savings,False
TX223,1069.8707351530186,1,998.4971166637996,16,24,Friday,09:00,64,Female,1294170,Current,False
TX224,1127.3024166702237,2,1008.2611306757236,13,15,Tuesday,23:00,59,Male,818727,Current,False
TX225,1015.8371029402218,3,1030.1932491679208,9,4,Tuesday,23:00,36,Male,729667,Current,False
TX226,1090.9786523349328,2,983.4361203746848,7,4,Tuesday,00:00,22,Female,495246,Current,False
TX227,1025.13996154832,1,992.7897156655222,11,21,Monday,21:00,54,Male,1441154,Savings,False
TX228,1048.1939558397455,2,1044.210460031827,13,14,Friday,01:00,52,Male,557681,Savings,False
TX229,928.219058589328,3,961.7378714964196,13,17,Wednesday,06:00,41,Female,754162,Savings,False
TX230,2752.6376499098665,4,1020.9147026508068,11,13,Saturday,03:00,57,Male,1460932,Savings,True
TX231,944.9610358581658,1,985.7740275047892,11,4,Friday,16:00,19,Female,1025947,Current,False
TX232,968.9090849746804,1,1014.0274612967844,12,6,Tuesday,02:00,61,Female,793948,Current,False
TX233,932.137238458661,2,996.2183706167624,11,12,Tuesday,05:00,34,Female,1080641,Savings,False
TX234,902.4440762575572,2,987.4214221762262,16,26,Thursday,04:00,30,Male,1135036,Current,False
TX235,950.4653805681148,4,1012.5882716977358,14,25,Sunday,15:00,29,Female,608623,Savings,False
TX236,1054.5655060297136,4,1012.1827624181436,18,13,Sunday,18:00,57,Female,329301,Current,False
TX237,1060.6548849989592,1,1002.834338272798,8,6,Saturday,17:00,25,Male,1468544,Current,False
TX238,1007.7713665371468,4,1049.3146791083986,6,29,Saturday,03:00,50,Female,1473057,Current,False
TX239,923.1774129754886,1,976.187028556426,13,1,Wednesday,02:00,40,Female,318073,Savings,False
TX240,1019.4289302265482,3,1049.859990348656,10,11,Sunday,21:00,54,Female,361929,Savings,False
TX241,874.2480773732497,2,1000.5640542304384,6,13,Wednesday,23:00,59,Female,1290669,Current,False
TX242,1028.4220503128076,4,1011.99188226563,18,9,Sunday,20:00,52,Female,1093153,Savings,False
TX243,978.294491025201,2,989.1244113355332,8,18,Tuesday,01:00,42,Female,1150741,Current,False
TX244,1045.6187306981435,1,968.0457616045318,18,16,Saturday,13:00,20,Female,990658,Savings,False
TX245,946.7443168462314,1,993.8955059129066,6,8,Friday,01:00,21,Female,856110,Savings,False
TX246,3008.497488734566,4,1010.5938550871348,16,13,Sunday,13:00,37,Male,551537,Current,True
TX247,1036.2883411581515,4,990.8208622835084,17,11,Saturday,01:00,40,Male,1027506,Savings,False
TX248,1057.1993959601082,2,959.688011266738,14,25,Tuesday,10:00,48,Female,1206295,Savings,False
TX249,970.0753191641832,1,965.1803628526324,7,21,Monday,13:00,24,Female,1445935,Savings,False
TX250,1046.862904478197,4,1030.4266032266432,11,8,Monday,04:00,56,Male,727387,Current,False
TX251,1047.477706772066,4,970.302040631002,10,7,Tuesday,04:00,52,Female,658918,Current,False
TX252,902.8006285257434,3,1053.9942828083902,9,29,Saturday,04:00,19,Male,363037,Current,True
TX253,980.4217596835098,3,999.6961374246002,9,10,Sunday,23:00,56,Female,1409004,Current,False
TX254,999.2345075413502,3,1011.5858299920218,5,28,Wednesday,20:00,43,Female,1359325,Current,False
TX255,977.8358874404244,4,982.303945719462,6,8,Wednesday,08:00,46,Female,1117052,Current,False
TX256,1073.5585163746805,1,995.8135264569628,5,9,Monday,23:00,26,Male,928864,Current,False
TX257,1016.2588398264533,4,996.6655193382632,16,8,Friday,10:00,51,Male,808679,Savings,False
TX258,1013.8271833446332,3,1015.989985070083,5,28,Sunday,23:00,62,Female,1445298,Savings,False
TX259,969.7830464218345,4,998.4836520836358,13,23,Wednesday,00:00,62,Male,1496179,Savings,False
TX260,959.8753633394176,2,1025.976226496941,8,11,Thursday,14:00,36,Male,1321318,Savings,False
TX261,969.4555054215706,2,1023.8906374901288,9,5,Saturday,21:00,49,Male,721486,Savings,False
TX262,1049.8023842902908,1,984.8640982286108,13,2,Sunday,17:00,20,Male,482051,Savings,False
TX263,1066.409707092453,1,1011.1246001880132,13,26,Sunday,17:00,27,Male,1303171,Current,False
TX264,1072.7809345040555,3,1035.98543150038,16,2,Wednesday,09:00,32,Male,326806,Savings,False
TX265,988.0733276578668,2,984.4197231393262,16,26,Monday,17:00,39,Female,707507,Current,False
TX266,988.9373188207114,2,994.4637340022216,5,24,Friday,02:00,49,Female,420029,Savings,False
TX267,991.6439143106794,1,1005.651599009766,18,21,Saturday,07:00,63,Male,1141965,Savings,False
TX268,1033.1440634333703,3,1023.4694771497064,10,22,Wednesday,21:00,45,Female,1180412,Savings,False
TX269,972.9923305812874,1,1006.2810593519972,19,20,Wednesday,17:00,48,Male,784814,Current,False
TX270,1061.9141535716817,1,1000.4254315347212,10,11,Friday,00:00,20,Female,1095326,Current,False
TX271,1008.1334999498766,1,982.873868611137,9,15,Tuesday,15:00,25,Male,715872,Savings,False
TX272,1026.9566051591405,4,1006.8325843873824,12,3,Tuesday,01:00,60,Male,989556,Savings,False
TX273,1035.9918645435696,3,1028.9300787189316,6,9,Friday,08:00,53,Female,1367609,Savings,False
TX274,1015.624584012857,2,1006.3866637938676,18,25,Tuesday,20:00,37,Male,1465898,Current,False
TX275,1031.712057152961,2,1009.5057117863978,12,19,Friday,03:00,64,Female,842601,Current,False
TX276,1011.2342362875944,1,1018.6518166374618,10,21,Saturday,07:00,56,Male,1428649,Current,False
TX277,923.7171842714952,1,1025.2516820685437,17,20,Monday,22:00,24,Male,368099,Current,False
TX278,1089.6077955380315,1,1001.6220048808004,14,23,Thursday,03:00,41,Female,1152129,Savings,False
TX279,1080.3059745915648,4,1031.2491901372423,16,19,Monday,13:00,36,Female,743031,Current,False
TX280,1055.795102668268,2,987.0146884384816,9,4,Wednesday,15:00,62,Female,590998,Savings,False
TX281,956.1178790120211,3,1015.6498698940125,8,17,Wednesday,14:00,28,Female,1233688,Savings,False
TX282,1009.4923918106232,1,1011.5351613238614,10,4,Thursday,15:00,64,Female,1039290,Current,False
TX283,1042.5046994658403,2,1017.5143172480196,9,25,Thursday,09:00,20,Female,543306,Current,False
TX284,1007.0443123455602,1,964.631212688743,7,21,Wednesday,09:00,52,Female,1037266,Current,False
TX285,965.4341314491612,4,955.5277593800894,5,21,Tuesday,04:00,53,Male,1069605,Savings,False
TX286,975.6621495745358,3,1002.836703342858,6,3,Monday,23:00,53,Female,950024,Current,False
TX287,1017.73892410851,4,978.0427528330156,13,20,Monday,03:00,38,Male,774013,Current,False
TX288,1044.3165098030795,2,986.146768843398,10,10,Monday,12:00,23,Female,866088,Current,False
TX289,973.696098389402,4,999.7196092348482,6,26,Wednesday,20:00,21,Male,1365649,Current,False
TX290,911.8583758078652,3,979.4671853052854,19,18,Wednesday,19:00,41,Female,770670,Savings,False
TX291,987.0799639896416,2,1018.5344199554304,16,24,Saturday,04:00,38,Female,1083441,Savings,False
TX292,1022.3000047333592,1,985.9345695487306,12,17,Wednesday,18:00,42,Female,1410868,Current,False
TX293,919.2434092047246,1,1023.2947870891436,5,18,Friday,03:00,59,Female,429350,Current,False
TX294,1023.4999130381584,4,1038.2942461199598,17,29,Tuesday,10:00,58,Female,1142150,Savings,False
TX295,1018.9741028582754,2,1036.2300962518702,18,6,Tuesday,00:00,27,Male,1361716,Savings,False
TX296,1020.2128597506726,1,982.319690908816,6,10,Tuesday,15:00,56,Male,393269,Current,False
TX297,1047.2245486195598,2,986.2154185956628,16,27,Tuesday,02:00,49,Female,580852,Savings,False
TX298,975.8628238908984,2,980.9334278348258,8,22,Sunday,23:00,57,Female,1104565,Current,False
TX299,975.125067079743,1,986.2299298414564,13,8,Tuesday,16:00,19,Female,1430392,Savings,False
TX300,986.5765864854176,4,986.0612050983884,5,10,Thursday,02:00,23,Male,479635,Current,False
TX301,889.798121237438,3,979.2509319857252,7,5,Wednesday,10:00,29,Male,422775,Current,False
TX302,1063.5315530329112,1,985.8538931934334,9,8,Sunday,08:00,64,Male,471918,Current,False
TX303,1003.3927755263702,2,1017.0554735024444,16,20,Saturday,11:00,19,Female,1124143,Current,False
TX304,983.2612333946728,4,991.92703073516,12,5,Thursday,15:00,60,Female,1046084,Current,False
TX305,1103.126245962157,2,978.6493417149144,7,9,Thursday,10:00,63,Female,878688,Current,False
TX306,1013.2528022420156,1,999.0994635434226,18,13,Tuesday,03:00,45,Female,694341,Current,False
TX307,3058.483022920859,3,984.552604313714,5,4,Monday,19:00,51,Female,819165,Current,True
TX308,959.7314086474828,1,1011.9288467912136,13,20,Saturday,17:00,23,Male,1470808,Savings,False
TX309,1065.8557533669932,4,997.6386294601784,13,21,Tuesday,21:00,20,Male,1361339,Current,False
TX310,918.802139561948,4,1003.2312602687998,12,26,Saturday,00:00,38,Male,1145474,Savings,False
TX311,980.4120925478088,3,981.55179631003,6,26,Wednesday,22:00,39,Male,1486064,Savings,False
TX312,994.8488399301392,3,1024.5026469633574,15,3,Monday,19:00,33,Female,423950,Current,False
TX313,1014.1643935773072,4,994.8219005259184,5,8,Sunday,22:00,20,Female,1054105,Savings,False
TX314,903.1942343160688,3,1002.5169393923871,9,3,Monday,20:00,63,Male,775595,Current,False
TX315,1034.1709252311712,4,988.1173084645022,17,15,Tuesday,18:00,50,Male,1173093,Current,False
TX316,1033.6286850601366,3,1037.9976386979042,6,24,Saturday,05:00,31,Male,1435092,Current,False
TX317,891.3665226992982,2,1016.9484335430084,19,14,Wednesday,19:00,42,Male,546183,Savings,False
TX318,1016.5990165284508,3,1003.8099935955812,10,16,Monday,18:00,63,Female,839570,Savings,False
TX319,1027.043461124067,4,1017.6950210952664,8,13,Sunday,13:00,26,Male,573146,Current,False
TX320,1028.467972308622,3,1044.6895780269865,19,20,Saturday,23:00,55,Male,858516,Current,False
TX321,954.4648088467634,2,1001.83729491297,13,1,Thursday,13:00,28,Male,395028,Savings,False
TX322,947.3158790426824,2,978.6439415684162,13,4,Wednesday,03:00,45,Female,1215207,Current,False
TX323,982.144881509613,2,1015.8876683595836,13,24,Sunday,22:00,33,Female,1383868,Current,False
TX324,974.7584717577524,4,1015.9014323361156,7,11,Saturday,17:00,38,Female,874100,Savings,False
TX325,953.6323432904712,1,1004.7673796546956,13,29,Monday,03:00,52,Male,1095600,Current,False
TX326,943.9788670044192,3,997.8012456925964,14,20,Friday,21:00,57,Female,1279448,Savings,False
TX327,949.2790561416,3,1015.6574048716268,16,28,Thursday,21:00,29,Male,570914,Current,False
TX328,1021.2117129855948,2,1002.8667833521246,15,23,Monday,00:00,25,Female,1303429,Savings,False
TX329,994.7234973998846,1,996.312866985658,17,12,Saturday,07:00,36,Male,1459608,Savings,False
TX330,988.9902686496022,4,958.6429054712802,18,3,Friday,19:00,30,Male,878533,Current,False
TX331,1014.89605326299,1,1005.7746478943992,14,7,Friday,20:00,59,Male,436554,Savings,False
TX332,970.9611105748014,1,1017.0742609136564,12,21,Wednesday,06:00,58,Male,846495,Current,False
TX333,980.0444073898624,1,986.9420645517688,12,12,Wednesday,11:00,25,Male,491420,Current,False
TX334,1038.6010781001712,4,1030.6264748915894,5,13,Tuesday,06:00,45,Female,1167780,Current,False
TX335,1007.2433832328778,2,987.7045426968616,6,2,Thursday,00:00,53,Female,858830,Current,False
TX336,1076.0699248915962,1,990.1812510025728,16,26,Wednesday,14:00,58,Female,633569,Savings,False
TX337,1061.3202571935192,2,1023.1419277092792,7,11,Friday,09:00,31,Male,1156626,Savings,False
TX338,1010.3362023622498,4,1015.1787720024388,7,20,Saturday,20:00,19,Male,1186364,Current,False
TX339,1002.917550214274,4,985.1043158654696,6,17,Monday,11:00,52,Male,826570,Savings,False
TX340,1133.9054936819196,2,990.2869764781866,9,21,Saturday,16:00,48,Male,1028342,Savings,False
TX341,1052.397103087607,4,993.2920855445242,7,13,Sunday,08:00,55,Male,860315,Savings,False
TX342,971.9057168226286,3,973.4278956080888,16,12,Sunday,08:00,40,Male,382279,Current,False
TX343,986.3786149377854,4,998.5017831068996,5,24,Sunday,01:00,45,Female,1299430,Current,False
TX344,951.7797872694154,1,991.3968672881632,14,28,Tuesday,02:00,60,Female,868302,Savings,False
TX345,992.4697040281578,1,985.724922874587,5,6,Friday,07:00,51,Male,811603,Current,False
TX346,1075.731845329018,3,1040.713566380775,8,17,Friday,17:00,22,Female,1128791,Current,False
TX347,1001.397572762223,1,1008.3637415693548,8,26,Wednesday,13:00,60,Male,676794,Savings,False
TX348,987.0601968666448,2,1031.9729434100943,14,5,Tuesday,04:00,59,Female,308036,Savings,False
TX349,868.8105882225367,2,975.5865990063618,16,9,Monday,12:00,64,Female,1232477,Savings,False
TX350,923.016674036334,4,970.274459400994,10,4,Friday,04:00,58,Male,302352,Savings,False
TX351,936.5982225249423,1,1002.4665814878108,15,23,Wednesday,02:00,59,Female,964929,Savings,False
TX352,960.610812404588,1,987.5830480349777,9,14,Sunday,11:00,38,Male,767243,Savings,False
TX353,1008.5415949206648,1,1025.2041481215767,16,24,Friday,02:00,30,Male,1407054,Current,False
TX354,973.9049092908424,1,1011.2962829936586,5,3,Thursday,17:00,57,Female,899253,Current,False
TX355,1098.0345636080524,1,1022.5471648634953,11,21,Thursday,04:00,34,Male,539779,Current,False
TX356,1083.2220126974105,2,1031.238128495322,17,15,Thursday,21:00,38,Female,1393365,Current,False
TX357,981.9118465581594,1,1005.602427779389,12,20,Monday,13:00,29,Female,1473650,Current,False
TX358,954.5317615179694,4,1000.5775144629802,10,23,Tuesday,03:00,55,Female,721280,Savings,False
TX359,909.2563477812888,3,1038.7277860513782,15,25,Wednesday,17:00,34,Male,1462189,Current,False
TX360,890.0194640749723,3,965.7512108487138,19,15,Thursday,06:00,62,Female,1499151,Current,False
TX361,948.8386116928352,3,984.1114789306264,10,3,Wednesday,04:00,30,Male,848333,Savings,False
TX362,1036.134800476131,2,982.7529525387312,10,29,Saturday,10:00,20,Male,942613,Savings,False
TX363,1111.987151996393,1,1009.2014121269488,16,2,Monday,23:00,52,Female,1398423,Savings,False
TX364,1072.3466769099778,3,1002.8187777118288,7,18,Tuesday,16:00,57,Male,1098022,Current,False
TX365,1060.463305548437,3,971.2087189324764,9,13,Friday,08:00,18,Female,1237635,Current,False
TX366,969.038176751028,3,1006.2623765949452,13,2,Saturday,13:00,21,Male,662462,Current,False
TX367,990.4476155026484,3,989.0312065634602,18,28,Friday,12:00,49,Female,518401,Savings,False
TX368,1019.530658886468,1,1015.8586588097183,11,2,Tuesday,15:00,55,Female,1060129,Current,False
TX369,991.9317813495236,3,985.8085541409356,19,28,Tuesday,06:00,20,Female,1417063,Current,False
TX370,960.5529615620464,3,990.5834204697236,15,22,Friday,06:00,56,Female,954224,Savings,False
TX371,1003.9448048299254,1,1000.4627744619634,7,21,Wednesday,21:00,48,Male,578710,Current,False
TX372,849.0243922089587,2,1003.676990895074,8,8,Saturday,19:00,37,Female,300159,Current,False
TX373,873.8256264896062,2,1036.0131725992712,8,21,Sunday,21:00,47,Female,945822,Current,False
TX374,965.2265384339194,3,1031.141970812484,18,2,Tuesday,23:00,51,Male,479838,Current,False
TX375,968.6904983889216,4,1000.307579627442,10,6,Monday,22:00,41,Male,1034983,Current,False
TX376,957.0775029812658,3,1022.5117554208068,13,1,Wednesday,18:00,26,Female,436643,Current,False
TX377,1013.1280664500964,1,1003.8717982273508,7,17,Saturday,15:00,29,Male,332441,Current,False
TX378,1003.9174334481296,4,988.9025657445848,15,25,Sunday,09:00,64,Male,967540,Current,False
TX379,991.5746684532564,4,1003.9897588455484,16,11,Monday,03:00,64,Female,878328,Savings,False
TX380,969.1174052282825,3,993.678542879459,7,12,Friday,09:00,34,Male,1103940,Current,False
TX381,878.73928610637,4,999.3965666674172,13,3,Sunday,15:00,35,Female,930527,Current,False
TX382,929.771787146518,4,971.6700472984106,11,9,Friday,17:00,54,Male,1460291,Savings,False
TX383,980.166892008904,1,1009.650480976572,10,11,Saturday,23:00,39,Female,638540,Savings,False
TX384,1033.6443108158726,4,996.7116711907724,6,3,Thursday,05:00,61,Female,778356,Current,False
TX385,982.8294450206016,1,1039.293900959378,8,21,Thursday,10:00,52,Female,588816,Savings,False
TX386,1002.045958769786,4,979.9562508843704,19,21,Tuesday,13:00,30,Male,1106564,Savings,False
TX387,1008.8243655181312,3,1001.6465977343418,13,3,Sunday,05:00,34,Male,616275,Current,False
TX388,999.0369810132804,4,994.7421834158348,14,28,Tuesday,05:00,18,Male,581755,Current,False
TX389,956.706678143547,4,985.6151332407406,14,12,Wednesday,21:00,59,Male,895642,Savings,False
TX390,923.7647275006098,1,972.928802877312,10,7,Friday,00:00,24,Male,1409816,Current,False
TX391,1049.4334584679002,3,972.9710847021606,8,15,Wednesday,08:00,49,Male,828714,Savings,False
TX392,1018.5606434028416,4,1023.0647715709048,12,13,Saturday,03:00,57,Female,1438882,Current,False
TX393,1015.6034798897484,2,1002.998633401268,16,13,Sunday,22:00,61,Female,1276089,Current,False
TX394,1007.5809413680316,3,1000.5085340522328,9,24,Thursday,17:00,28,Female,1409791,Current,False
TX395,989.7136204586012,3,986.999666626591,14,12,Sunday,09:00,43,Male,413688,Current,False
TX396,1019.6634611735112,3,1028.2598951125367,17,21,Thursday,14:00,48,Male,1334186,Current,False
TX397,959.4571244394832,4,974.8484428217076,10,24,Saturday,14:00,48,Male,1166792,Savings,False
TX398,1055.725814210923,2,1022.2789726643132,9,20,Thursday,08:00,28,Male,859351,Current,False
TX399,919.6169486440972,1,1003.6948115779144,14,21,Saturday,04:00,23,Female,781725,Current,False
TX400,1109.382493727501,1,962.1105386232608,19,3,Saturday,05:00,46,Female,1163659,Savings,False
TX401,1015.08096239768,1,1013.7593390423208,15,13,Tuesday,10:00,48,Female,1493627,Current,False
TX402,961.91558968832,4,1006.197545691663,7,28,Wednesday,11:00,28,Female,685893,Savings,False
TX403,1008.1372207423198,4,1000.827581051717,16,19,Friday,01:00,34,Female,1050186,Current,False
TX404,1026.2988779208808,2,997.5659209116428,11,8,Friday,09:00,25,Female,900541,Current,False
TX405,951.9255815172232,1,1016.6170464855874,15,7,Monday,19:00,41,Female,912181,Current,False
TX406,1015.3007199008948,1,1021.0933262408636,14,4,Friday,09:00,60,Female,979892,Savings,False
TX407,965.21643110759,2,978.3161721795536,11,8,Wednesday,21:00,54,Male,1167482,Current,False
TX408,999.0125453232688,1,990.268402186524,17,10,Thursday,08:00,44,Male,1404417,Current,False
TX409,967.5313480839288,4,1026.4260806454602,8,21,Saturday,02:00,52,Male,1352272,Current,False
TX410,914.7651493251864,1,991.5491777918992,6,13,Thursday,19:00,44,Female,628785,Current,False
TX411,939.441403535961,2,1014.6152823813304,14,13,Thursday,19:00,40,Female,723177,Savings,False
TX412,1024.3582220110095,1,1013.1504882697022,14,1,Monday,21:00,51,Female,1383116,Savings,False
TX413,981.7725426732488,4,970.7688764549836,15,24,Wednesday,20:00,52,Male,1015339,Current,False
TX414,959.7445380056854,4,1019.1576445635396,11,15,Sunday,06:00,43,Male,569956,Current,False
TX415,1070.5525450529612,2,991.8917998477244,8,15,Tuesday,19:00,62,Male,732680,Current,False
TX416,1037.3050493434662,2,967.4992806150618,16,14,Monday,03:00,32,Male,738242,Savings,False
TX417,869.7893071686433,4,1003.97896293593,15,8,Sunday,03:00,51,Female,844279,Savings,False
TX418,1052.9252150225589,2,990.3924501803936,13,17,Sunday,20:00,40,Male,1255230,Current,False
TX419,1017.3838241769168,1,990.2554287177288,17,25,Thursday,21:00,23,Female,519526,Current,False
TX420,1049.7490834396176,2,996.749477437402,19,4,Thursday,11:00,55,Female,345475,Savings,False
TX421,1033.3156250454606,3,1009.251825857079,14,18,Saturday,04:00,42,Female,517583,Current,False
TX422,3218.9597812556913,1,965.5979489810436,15,23,Sunday,09:00,27,Female,1002495,Current,True
TX423,1024.015232650665,1,988.6123259970376,5,11,Tuesday,21:00,34,Male,1043859,Savings,False
TX424,953.7751395372198,1,1006.6033368238592,10,17,Monday,18:00,53,Male,1382448,Current,False
TX425,1054.0971029870425,3,1019.9106493816616,10,1,Sunday,22:00,56,Male,926256,Savings,False
TX426,2944.7662087138365,4,990.8053853725156,8,21,Wednesday,16:00,29,Female,973647,Savings,False
TX427,1031.6805770287915,1,1001.7593764210566,5,3,Tuesday,14:00,53,Male,612863,Current,False
TX428,1039.707003003809,1,995.5949079700782,7,11,Thursday,02:00,57,Male,1090605,Current,False
TX429,924.1063126659596,3,992.8594159838678,17,19,Saturday,00:00,57,Male,1333668,Savings,False
TX430,1034.9414210101268,1,1008.4194588877878,18,3,Wednesday,11:00,33,Female,563625,Savings,False
TX431,1029.0026624224072,4,1020.2215291510216,11,2,Saturday,18:00,54,Female,689959,Current,False
TX432,1034.1784661600238,3,972.6808857759892,6,16,Sunday,18:00,35,Female,1123759,Current,False
TX433,980.3842615633048,4,991.5497453115591,18,21,Wednesday,04:00,44,Male,447595,Savings,False
TX434,923.8820406891056,1,1022.2537674997984,16,14,Friday,21:00,50,Female,788765,Savings,False
TX435,987.7075010511002,2,987.715267629026,9,27,Tuesday,14:00,56,Male,783779,Savings,False
TX436,972.0502636059,3,1006.801187337216,7,22,Friday,23:00,37,Male,389116,Current,False
TX437,1021.2236547123956,1,996.6381306806952,13,8,Tuesday,09:00,34,Male,703777,Current,False
TX438,1075.679898732639,2,987.7327837496345,8,9,Monday,16:00,29,Male,798682,Savings,False
TX439,1019.529695309962,3,1049.0780669188714,6,28,Tuesday,05:00,39,Female,822154,Current,False
TX440,940.7044495383576,3,1006.8979401649984,10,20,Wednesday,08:00,37,Female,361842,Current,False
TX441,1074.9291286005937,2,1024.9551366815242,9,2,Saturday,02:00,23,Male,1087738,Current,False
TX442,1059.4955698620583,4,1020.2735148108771,10,9,Wednesday,03:00,19,Female,1388963,Savings,False
TX443,1027.5738137619762,3,1006.81178432801,12,22,Thursday,01:00,47,Male,1141708,Current,False
TX444,988.5304627965986,4,999.1304610037228,11,17,Monday,03:00,36,Female,564064,Current,False
TX445,1036.1193964164083,2,982.1093462172722,14,6,Saturday,16:00,27,Female,382289,Current,False
TX446,958.2817910501992,4,1023.4285269552774,15,21,Sunday,14:00,32,Female,433498,Current,False
TX447,1087.479195210271,1,1027.6290815738098,13,10,Tuesday,19:00,62,Male,656007,Current,False
TX448,1052.974026508667,3,1010.2493303238076,8,15,Sunday,00:00,63,Female,305039,Savings,False
TX449,987.6845122316596,2,1013.9555380202244,7,26,Monday,10:00,33,Male,705841,Current,False
TX450,926.0926456099168,2,977.3717277747278,10,19,Thursday,12:00,63,Female,662441,Current,False
TX451,916.1545763015372,3,1001.8508123098724,18,8,Wednesday,13:00,59,Female,1371824,Savings,False
TX452,1007.6915958039128,1,1015.329347362232,11,17,Thursday,00:00,54,Female,1492503,Current,False
TX453,978.9802438819188,2,1027.2523405322677,15,27,Thursday,05:00,57,Male,998787,Savings,False
TX454,942.3188004858662,3,1002.2724891498864,16,18,Tuesday,21:00,28,Female,1213081,Current,False
TX455,965.480668693066,2,1000.0818601535092,12,4,Thursday,14:00,18,Male,597986,Current,False
TX456,1087.4612101263576,1,979.6350071134354,10,6,Friday,15:00,46,Male,1070692,Savings,False
TX457,1042.802961174852,3,1019.1557947027374,8,19,Wednesday,03:00,22,Female,952416,Savings,False
TX458,945.74247367211,4,983.4917894004208,14,23,Monday,20:00,41,Male,1289336,Savings,False
TX459,975.3625223610024,3,1011.3882853380208,9,4,Saturday,09:00,59,Female,361753,Current,False
TX460,988.5100184712404,3,982.9718713147936,17,3,Sunday,21:00,58,Male,523492,Current,False
TX461,1046.0900750988626,3,1009.6537577441844,7,25,Sunday,21:00,26,Male,1198332,Savings,False
TX462,883.9184796650043,4,978.6860056528913,18,20,Sunday,15:00,40,Female,1354096,Current,False
TX463,1030.9783236089054,1,1008.214613265382,10,12,Tuesday,21:00,50,Female,364925,Savings,False
TX464,985.9490176364208,2,1008.4993223249508,19,28,Wednesday,03:00,51,Male,1079976,Savings,False
TX465,966.5306973614432,3,979.5919087233552,11,15,Saturday,18:00,32,Female,879223,Current,False
TX466,1051.06916477147,3,1041.7688554573986,5,1,Wednesday,02:00,27,Male,1346439,Current,False
TX467,956.5853634061816,2,1010.6925817224488,6,19,Friday,21:00,18,Female,606081,Current,False
TX468,997.8899302843978,1,1038.628783022541,17,7,Tuesday,16:00,24,Female,420076,Savings,False
TX469,1042.9225558328333,3,995.3075886008518,14,17,Sunday,20:00,18,Female,547536,Savings,False
TX470,1051.384729675074,3,1006.4045437099868,17,3,Sunday,20:00,60,Male,966015,Savings,False
TX471,1031.7690679411137,2,1007.1484343243524,16,9,Monday,21:00,33,Female,1293778,Current,False
TX472,980.6160908197884,3,986.5305295469842,18,29,Wednesday,18:00,19,Male,1467272,Current,False
TX473,995.4937629504494,1,1020.467711632548,18,25,Tuesday,18:00,19,Male,639679,Current,False
TX474,2996.0045033332253,3,988.2352708082464,13,8,Thursday,14:00,45,Male,1051731,Current,True
TX475,969.6649852617352,2,1004.2256738455894,17,13,Saturday,14:00,37,Female,781215,Current,False
TX476,962.459734745613,2,998.1277518143312,12,27,Sunday,03:00,28,Female,1457738,Current,False
TX477,990.8403040889036,2,1013.0232292130464,18,17,Monday,01:00,32,Male,545144,Savings,False
TX478,916.9758666153087,2,1036.3927870412238,9,16,Friday,06:00,49,Female,1163731,Savings,False
TX479,1020.4881397979748,4,982.7782417965286,16,29,Wednesday,06:00,45,Female,948456,Savings,False
TX480,942.5422557880102,2,967.8037709260662,5,16,Sunday,02:00,38,Male,497097,Current,False
TX481,1093.231252841154,2,1022.1985919176068,16,10,Friday,12:00,28,Female,754151,Current,False
TX482,937.233194215692,1,1007.0625447599576,15,2,Saturday,11:00,27,Male,1260811,Savings,False
TX483,1018.9640435911324,2,1032.1814834494655,6,18,Thursday,18:00,43,Male,698102,Savings,False
TX484,3166.2506529955726,4,1011.9356555934996,18,6,Monday,14:00,20,Female,745093,Current,True
TX485,959.3493939139814,2,1014.6797845483712,17,28,Friday,13:00,30,Male,679747,Savings,False
TX486,1030.701282362924,4,1010.5678562373544,11,23,Saturday,23:00,37,Male,1266649,Savings,False
TX487,952.5287836637118,4,1028.694699593287,12,1,Friday,21:00,23,Female,1167196,Current,False
TX488,983.368134082452,1,1009.830842417546,16,24,Saturday,17:00,23,Female,1476792,Current,False
TX489,1033.53704729751,4,994.1548047619646,17,6,Tuesday,01:00,25,Male,1217472,Current,False
TX490,964.635330968202,4,1002.5073063153034,15,20,Thursday,10:00,48,Male,636986,Current,False
TX491,1018.43004145601,1,1006.31450533871,15,3,Sunday,14:00,33,Female,552156,Current,False
TX492,1008.6092046120078,3,998.6417052487492,15,21,Wednesday,21:00,28,Male,414589,Current,False
TX493,1054.0883363836415,3,973.755616131372,10,6,Sunday,13:00,41,Male,1193041,Current,False
TX494,948.4132710101744,3,1022.2672101188788,19,11,Tuesday,02:00,20,Female,739503,Savings,False
TX495,912.4315021716072,3,969.4485901238136,13,4,Friday,18:00,60,Female,1381916,Savings,False
TX496,932.2990820750798,3,988.9361563313024,11,24,Wednesday,13:00,51,Female,765590,Current,False
TX497,1075.8473394854325,1,1027.0227182652245,7,21,Thursday,17:00,21,Male,1182421,Current,False
TX498,1031.2754008415518,1,1017.7046296597798,18,11,Wednesday,17:00,44,Female,625329,Savings,False
TX499,974.0303506792812,3,1003.0688195190854,19,25,Monday,21:00,27,Male,300917,Current,False
TX500,1020.2050827504504,4,979.560517792184,5,15,Thursday,21:00,39,Male,885457,Savings,False
TX501,1047.6299197324454,2,1009.4738627346444,6,20,Tuesday,15:00,50,Male,503834,Savings,False
TX502,1042.325904586367,2,1009.9953287699204,8,6,Wednesday,23:00,43,Female,436285,Savings,False
TX503,1010.7283701686756,1,1019.3804674723758,10,2,Thursday,21:00,43,Male,586663,Savings,False
TX504,1009.7101431078124,4,983.276442370254,12,29,Tuesday,16:00,37,Male,788051,Savings,False
TX505,1040.5040325954592,3,978.4425179406256,11,16,Friday,14:00,44,Male,821396,Savings,False
TX506,1012.3916488437012,1,1003.8674634765092,7,19,Thursday,04:00,59,Female,608974,Savings,False
TX507,1081.271592957939,3,1028.1505291507674,19,21,Saturday,13:00,37,Male,824006,Current,False
TX508,899.2397005822293,1,974.9717225503156,14,29,Wednesday,13:00,28,Male,1305489,Savings,False
TX509,940.3144506169584,3,993.973071006169,8,18,Saturday,23:00,27,Female,790399,Savings,False
TX510,987.191012375231,3,995.1700510825845,9,25,Thursday,23:00,40,Male,1338218,Savings,False
TX511,939.8399572305428,2,979.159111755138,12,28,Tuesday,06:00,45,Male,1077635,Savings,False
TX512,977.1939586262906,1,1003.6285324022796,14,22,Thursday,17:00,55,Female,901982,Savings,False
TX513,975.5575078628616,3,994.431342347223,11,11,Thursday,13:00,49,Female,1241245,Savings,False
TX514,1011.8208931179968,4,978.73964016846,18,24,Wednesday,11:00,40,Male,1335408,Current,False
TX515,1015.6524854956572,2,999.2468011294912,13,23,Tuesday,20:00,51,Male,595599,Savings,False
TX516,1010.9037754326362,1,1000.4189473105027,19,10,Sunday,14:00,56,Female,537068,Savings,False
TX517,940.7819913843988,2,990.0123140281726,17,16,Monday,11:00,61,Male,417797,Current,False
TX518,978.777564842876,3,1020.7165047683512,6,16,Sunday,06:00,21,Female,857242,Current,False
TX519,975.4219420700956,1,1006.8989000309256,17,17,Monday,04:00,23,Male,1214424,Current,False
TX520,1054.8812482430585,2,1000.7660117504485,8,28,Sunday,07:00,42,Male,498303,Savings,False
TX521,966.5134083755804,4,991.9786266615382,16,21,Saturday,02:00,45,Female,481890,Current,False
TX522,1022.0993003197516,2,991.3922904720596,17,6,Sunday,07:00,23,Male,456877,Savings,False
TX523,984.7597955241132,3,1014.7783094208736,19,29,Sunday,04:00,42,Female,1178878,Current,False
TX524,1020.4303653850884,3,993.8438305772224,19,22,Thursday,12:00,62,Female,573022,Savings,False
TX525,970.9588023576748,4,1002.6090822417736,17,17,Saturday,03:00,50,Female,893792,Current,False
TX526,964.2726495764564,2,994.7658986464356,12,18,Wednesday,12:00,40,Male,636199,Savings,False
TX527,967.1902022555778,3,985.3421422854556,17,7,Friday,16:00,45,Female,1138927,Savings,False
TX528,1068.6058423286186,3,1012.144909073668,5,7,Friday,17:00,46,Male,789709,Savings,False
TX529,980.7489094143568,1,1007.6597796948186,18,21,Sunday,16:00,57,Female,1067442,Current,False
TX530,1038.4103608315868,2,1004.3079301091258,16,21,Sunday,19:00,47,Female,1117459,Current,False
TX531,1032.4614395152548,4,1015.1478693795476,13,15,Thursday,00:00,62,Female,1437613,Current,False
TX532,1011.242440802282,3,1009.7092904929348,12,10,Saturday,18:00,28,Male,753222,Savings,False
TX533,1016.250706812827,4,991.075146515605,14,29,Friday,20:00,57,Male,768535,Current,False
TX534,968.0004091611275,1,996.675570305797,17,19,Saturday,07:00,58,Female,670608,Savings,False
TX535,964.863599204368,1,975.9061343434378,9,19,Tuesday,07:00,36,Female,834522,Current,False
TX536,1078.9059028781091,2,1019.7089937123044,16,2,Saturday,22:00,54,Female,684370,Current,False
TX537,890.2875878227234,1,1001.857152479434,15,4,Tuesday,12:00,49,Female,526256,Savings,False
TX538,1043.8023396264898,2,1029.4534135150195,7,26,Thursday,02:00,63,Female,1051287,Current,False
TX539,918.0257918737284,2,992.1505778787824,12,1,Sunday,11:00,25,Female,435639,Current,False
TX540,1032.023989760041,4,996.1899378800438,15,9,Sunday,15:00,29,Female,303358,Savings,False
TX541,1004.260472481695,2,940.1772805819857,12,22,Tuesday,08:00,43,Female,538483,Savings,False
TX542,1023.333549098304,3,1030.4201245431875,12,5,Wednesday,15:00,32,Male,492971,Savings,False
TX543,980.2518901751716,3,1011.5067772823116,6,23,Sunday,17:00,37,Male,902251,Current,False
TX544,986.4920003808668,3,1011.8785346884528,5,22,Monday,01:00,47,Male,1460152,Current,False
TX545,1011.3254324836006,1,1005.1010669777916,18,29,Monday,19:00,55,Male,404188,Savings,False
TX546,904.3872512290112,4,998.6273190782906,19,14,Monday,20:00,41,Female,949285,Savings,False
TX547,986.134197171701,3,1014.3032480152136,11,4,Wednesday,17:00,38,Female,1074107,Current,False
TX548,1003.3407441588704,4,1021.538456505857,7,8,Tuesday,09:00,42,Female,1486995,Savings,False
TX549,993.8645533202138,1,1001.867447485533,9,23,Friday,23:00,62,Female,804677,Current,False
TX550,3227.459108288036,4,1012.0423664078496,7,11,Thursday,11:00,29,Female,566150,Savings,True
TX551,1012.8876270071376,3,975.1647884903676,17,29,Saturday,08:00,56,Male,650164,Savings,False
TX552,971.272651193306,3,991.6027307782736,8,25,Thursday,00:00,39,Female,1047108,Savings,False
TX553,929.1783185901904,3,1013.0638622116062,14,22,Tuesday,20:00,32,Male,1450997,Current,False
TX554,891.784506607608,4,993.4280112381688,18,15,Monday,16:00,43,Female,1477228,Savings,False
TX555,996.586118868033,2,982.9725909937438,17,6,Wednesday,13:00,31,Female,866510,Savings,False
TX556,1011.4701623915718,1,978.3772577440468,15,13,Monday,20:00,52,Female,964635,Savings,False
TX557,1016.8035583962836,2,1039.1434906727927,19,5,Tuesday,19:00,23,Female,669349,Savings,False
TX558,1059.38595885832,4,1030.7112475583083,5,25,Saturday,13:00,30,Male,1101151,Current,False
TX559,1003.7960267129744,3,967.7985710517124,15,15,Thursday,02:00,34,Female,1047410,Current,False
TX560,1036.86262664716,2,978.167776107436,16,8,Friday,16:00,24,Female,1449282,Savings,False
TX561,946.5356572290588,2,964.2610853732032,18,5,Sunday,14:00,21,Male,1054471,Savings,False
TX562,1015.8726630625088,2,993.3427919123498,8,13,Tuesday,12:00,19,Female,411362,Savings,False
TX563,1000.7122082006856,3,968.4729658220112,19,9,Sunday,12:00,19,Male,1253847,Savings,False
TX564,887.1933846253528,1,986.7361310324928,13,16,Wednesday,09:00,55,Male,489073,Savings,False
TX565,941.6881053070348,2,957.6831686953354,17,23,Friday,05:00,63,Female,1125963,Current,False
TX566,1036.6117253566326,4,995.7321556278572,14,18,Sunday,07:00,49,Female,1226921,Current,False
TX567,909.1010387306422,3,1015.1942459096832,19,3,Tuesday,10:00,60,Male,845726,Current,False
TX568,1075.3816779456845,1,986.1569557584622,10,24,Saturday,02:00,39,Female,645280,Current,False
TX569,1067.3334861877431,3,990.5130911619306,17,27,Tuesday,02:00,26,Male,356635,Savings,False
TX570,2973.267077942214,2,972.7150448956418,5,27,Monday,08:00,40,Male,1427113,Savings,True
TX571,935.3429228120676,3,1011.4478062235136,8,23,Saturday,01:00,62,Male,1056079,Savings,False
TX572,1069.526128580053,2,994.5964655851204,13,14,Tuesday,22:00,58,Female,923640,Current,False
TX573,1052.435356320828,2,1033.1081422617658,14,3,Wednesday,10:00,38,Female,340149,Current,False
TX574,1024.5603832706,4,992.8394124050604,13,10,Tuesday,21:00,28,Female,653039,Current,False
TX575,2713.5965868739063,1,1026.3660464970533,15,26,Saturday,11:00,60,Female,1240335,Savings,True
TX576,951.4623856218448,4,1028.2489480318284,11,22,Tuesday,14:00,25,Male,855710,Current,False
TX577,1042.3385387608246,4,957.45545159297,16,12,Friday,10:00,34,Female,739358,Savings,False
TX578,964.6187052588988,1,985.7565227164793,12,5,Tuesday,15:00,53,Female,1443413,Current,False
TX579,1042.0991847726063,2,992.615855991051,11,16,Saturday,09:00,24,Female,404428,Savings,False
TX580,1018.1591149145636,1,1010.390926595488,7,15,Thursday,14:00,63,Male,420243,Current,False
TX581,1012.6083675237788,4,976.2786153720116,9,27,Sunday,19:00,46,Male,380152,Savings,False
TX582,959.681865143185,2,973.0883319979008,6,5,Saturday,03:00,47,Male,858866,Current,False
TX583,952.712696965161,2,1012.1649238336994,10,29,Thursday,21:00,64,Male,476968,Savings,False
TX584,976.542931746045,2,971.437030091098,8,15,Sunday,19:00,26,Female,1038591,Current,False
TX585,981.2253056823891,4,1023.6470568818356,11,11,Friday,21:00,21,Female,884668,Savings,False
TX586,1012.2948413456452,4,940.9384979869748,7,10,Saturday,02:00,38,Male,1187198,Current,False
TX587,985.9865447768216,2,963.4803151674474,15,20,Tuesday,01:00,19,Female,1187099,Savings,False
TX588,1000.4522104099482,4,1042.0746383563262,18,7,Friday,10:00,41,Male,433248,Current,False
TX589,1027.7794342334469,4,1048.585652859025,19,17,Monday,10:00,45,Male,1093567,Current,False
TX590,952.3841809630602,2,986.4600972308292,11,2,Tuesday,23:00,21,Male,1303466,Current,False
TX591,977.3447066009644,2,1017.8944702929429,15,17,Saturday,01:00,33,Male,445281,Current,False
TX592,913.9777194881644,2,1036.553619658994,16,25,Friday,09:00,59,Male,682688,Current,False
TX593,1068.5268071998355,2,1013.90405800168,19,5,Saturday,15:00,62,Male,471541,Current,False
TX594,1018.5001423105184,3,986.1102342794468,13,16,Tuesday,01:00,29,Female,321067,Current,False
TX595,1003.9463909536112,1,993.9272292602428,6,16,Thursday,06:00,19,Female,853280,Current,False
TX596,1059.7281715592064,2,1018.414510257878,15,2,Sunday,13:00,19,Male,831740,Current,False
TX597,1019.2716285870632,4,1025.633184335678,17,7,Friday,09:00,63,Male,442157,Current,False
TX598,1018.8160888515592,2,1006.2243179590298,12,6,Thursday,12:00,53,Male,1486837,Current,False
TX599,1095.0779627556835,4,1004.8963874778908,12,25,Monday,12:00,53,Female,1279091,Savings,False
TX600,994.2173215725884,4,1005.0517985475818,17,27,Wednesday,04:00,21,Female,900724,Savings,False
TX601,1060.6304118710227,3,1034.6966378245445,18,6,Thursday,15:00,34,Male,372684,Current,False
TX602,1010.1144528193144,1,995.1759450039972,13,22,Sunday,11:00,51,Female,1254138,Savings,False
TX603,1076.7574360003775,3,986.8608964720318,18,15,Wednesday,00:00,48,Female,947952,Current,False
TX604,942.391531023999,2,1003.5606146935876,11,8,Friday,19:00,52,Female,709925,Savings,False
TX605,977.8132242569754,2,1023.8984426973,17,5,Thursday,07:00,18,Female,897578,Savings,False
TX606,960.2155118502362,4,996.3230623855624,7,20,Saturday,02:00,18,Male,1172318,Savings,False
TX607,939.6489176071392,1,978.4937521390152,6,29,Thursday,05:00,25,Male,609378,Current,False
TX608,1042.1415622364216,4,1024.1296031083011,16,20,Friday,19:00,26,Female,971986,Savings,False
TX609,1088.0594062433686,1,999.9937265477644,15,13,Friday,21:00,45,Male,998419,Savings,False
TX610,1072.2356247182142,3,999.2257235323932,7,8,Thursday,07:00,59,Male,841529,Current,False
TX611,997.304757549713,3,980.3539283924536,17,28,Monday,19:00,36,Male,363014,Savings,False
TX612,998.8011348751018,3,1008.8254306904338,18,11,Tuesday,09:00,44,Male,622341,Savings,False
TX613,912.1819484180752,2,1003.5730145717808,18,20,Saturday,16:00,59,Male,776379,Current,False
TX614,1079.491948909034,4,1011.48142441788,11,11,Sunday,03:00,42,Female,1315691,Current,False
TX615,1025.1392213447598,3,1035.9272164585393,7,21,Friday,13:00,41,Female,1334104,Current,False
TX616,1031.3416828514064,3,1003.729759079339,18,26,Wednesday,21:00,58,Male,778705,Current,False
TX617,1021.415834618762,2,1001.5431299243544,13,22,Friday,18:00,50,Male,610435,Current,False
TX618,951.1009894728736,2,999.9653660354878,18,20,Friday,12:00,32,Female,1480594,Current,False
TX619,959.457443292966,2,1044.3668696602276,10,23,Monday,09:00,24,Female,736048,Savings,False
TX620,1122.2291376291253,1,989.1543532447467,6,6,Wednesday,19:00,50,Female,905108,Savings,False
TX621,989.8799005684328,4,1001.539079804511,15,22,Tuesday,03:00,18,Female,363965,Current,False
TX622,961.5344987754032,4,994.7734188109706,17,24,Wednesday,03:00,60,Female,1206395,Savings,False
TX623,961.4631470149568,3,991.1940642578488,15,27,Sunday,03:00,54,Male,510448,Current,False
TX624,900.4338976309895,4,1005.210348437075,11,9,Thursday,21:00,28,Female,1203275,Savings,False
TX625,988.4533775062336,2,1013.6968547466316,9,7,Friday,00:00,43,Male,1318454,Current,False
TX626,950.843893270908,4,967.6238938228464,12,24,Saturday,18:00,54,Female,638526,Savings,False
TX627,1026.4258942197464,3,1025.6278509796568,13,22,Friday,11:00,46,Female,563328,Savings,False
TX628,903.431156960348,2,1017.4049798782262,8,7,Friday,11:00,35,Female,555658,Current,False
TX629,1080.9190664423918,2,994.7790761623968,5,12,Wednesday,10:00,21,Male,1128282,Savings,False
TX630,911.19941229758,1,1021.2788197512172,12,22,Tuesday,11:00,23,Female,1269752,Savings,False
TX631,984.8384537978566,3,999.3177019497132,19,14,Sunday,18:00,26,Female,407449,Savings,False
TX632,1070.0199897397642,4,1011.0844940789208,15,10,Wednesday,06:00,32,Male,875610,Savings,False
TX633,980.615004179572,4,991.7276866874072,17,15,Wednesday,05:00,29,Male,1446204,Current,False
TX634,881.1783571831069,3,993.2261732015623,14,20,Sunday,03:00,38,Female,591975,Savings,False
TX635,1084.7861438905434,4,1037.9457738954625,13,28,Saturday,12:00,24,Female,817733,Current,False
TX636,867.545022836647,2,1027.0300580691223,15,16,Saturday,07:00,42,Female,921912,Current,False
TX637,918.1197541271664,1,1002.392005253342,11,11,Saturday,14:00,22,Female,1374602,Current,False
TX638,986.8729838358968,3,989.9726916103208,16,25,Thursday,18:00,44,Male,748648,Current,False
TX639,981.9344719016354,1,998.7163167742236,8,14,Monday,01:00,20,Male,425849,Current,False
TX640,1076.5097599431676,4,1013.2985432460348,11,13,Friday,04:00,42,Male,1131635,Current,False
TX641,1024.809959368166,2,989.2936657486468,14,23,Friday,17:00,64,Female,604958,Current,False
TX642,983.828453522549,3,1028.940709198424,13,23,Wednesday,18:00,52,Male,1226694,Current,False
TX643,1025.1357445886629,2,993.0341309283708,17,12,Monday,00:00,60,Male,1130326,Savings,False
TX644,991.4849517244688,3,1000.7912151650912,6,12,Sunday,00:00,36,Female,738963,Current,False
TX645,960.2221466029558,3,1008.4878787572204,12,16,Saturday,12:00,40,Female,1128411,Savings,False
TX646,951.7167598238397,2,1032.583327298019,12,12,Sunday,22:00,39,Male,1188916,Current,False
TX647,947.9772517193036,1,996.31523921109,5,6,Sunday,18:00,40,Female,480074,Current,False
TX648,908.4158876396988,3,978.9738017672132,6,23,Sunday,00:00,38,Male,558360,Savings,False
TX649,969.1773827349476,4,979.926775766564,6,24,Wednesday,14:00,57,Female,927122,Current,False
TX650,1060.2337219996853,4,987.5180257534856,15,6,Wednesday,08:00,62,Male,995385,Current,False
TX651,945.0954353281992,1,1000.7830918362624,11,20,Friday,21:00,45,Female,1065328,Savings,False
TX652,953.581416508889,2,1011.3551415417214,6,9,Saturday,10:00,55,Male,300901,Current,False
TX653,1003.2083562812336,4,992.7978809472364,7,23,Friday,02:00,50,Female,787063,Savings,False
TX654,955.5275625380226,3,993.4303405717892,18,1,Thursday,12:00,60,Male,1171905,Savings,False
TX655,1011.2169828389042,3,1018.0803510952264,11,19,Monday,15:00,26,Male,1470473,Savings,False
TX656,971.3902964853278,4,984.1997439583783,12,23,Tuesday,01:00,42,Female,733797,Savings,False
TX657,965.5583802837704,1,1002.8549667208993,15,7,Sunday,09:00,27,Male,347645,Current,False
TX658,1030.4866783924915,4,1033.1819104183944,8,29,Monday,14:00,21,Male,1153159,Current,False
TX659,1053.4189666847008,4,1012.0824177917704,5,16,Sunday,02:00,22,Male,396502,Savings,False
TX660,1053.2241376804284,3,1011.2473658323336,6,29,Friday,03:00,59,Male,635468,Savings,False
TX661,951.3310580986484,4,1020.1426667294631,7,16,Sunday,13:00,26,Female,1175817,Savings,False
TX662,1000.0093332317488,4,1023.0121510118614,9,10,Thursday,23:00,26,Female,1330451,Current,False
TX663,1100.6017065480305,4,1002.7234576612964,11,7,Sunday,20:00,40,Male,1147516,Current,False
TX664,1050.2188317381565,3,985.9892634398092,19,25,Sunday,17:00,37,Female,302795,Current,False
TX665,996.25220174953,4,1009.7109859060428,14,23,Saturday,02:00,52,Male,1246769,Savings,False
TX666,967.6527414375192,1,979.668782419753,7,22,Wednesday,18:00,64,Female,844061,Current,False
TX667,1005.4703799510028,4,1001.5151868639676,19,25,Thursday,22:00,52,Male,707821,Current,False
TX668,924.5906072823036,1,976.8604304971542,19,22,Wednesday,07:00,35,Female,506555,Current,False
TX669,982.025560489819,1,1050.0759245453755,19,13,Friday,06:00,44,Female,310785,Current,False
TX670,1021.837177039174,2,995.2000356470688,11,6,Friday,22:00,34,Female,1233015,Savings,False
TX671,962.3622325437613,2,984.2232687672624,6,28,Wednesday,10:00,55,Male,1403036,Savings,False
TX672,1059.6367582708208,2,974.8426368818224,15,8,Wednesday,19:00,49,Female,352949,Savings,False
TX673,1051.4728740799178,4,1017.446307600569,10,4,Wednesday,02:00,62,Female,1072378,Current,False
TX674,1026.9572058975075,1,1019.5673987553954,6,4,Friday,08:00,34,Male,704911,Savings,False
TX675,1018.9405264748297,4,1007.5565844244431,19,3,Thursday,13:00,48,Female,483163,Savings,False
TX676,971.4126979021968,2,1006.652150206484,10,14,Tuesday,14:00,32,Male,1101818,Current,False
TX677,1053.2585982857192,4,1029.0523349097236,19,3,Saturday,14:00,30,Female,792503,Savings,False
TX678,1003.0068488984148,4,1006.9517820512552,18,20,Monday,12:00,18,Female,341505,Savings,False
TX679,928.2045238065735,1,973.68368367145,17,2,Tuesday,21:00,24,Male,436668,Current,False
TX680,966.4462286546728,3,997.4150948409496,10,2,Monday,04:00,31,Female,447032,Savings,False
TX681,922.3286100766604,1,1034.917426722703,17,21,Saturday,02:00,54,Female,1223953,Savings,False
TX682,950.2298198487626,1,1036.5452300991403,14,23,Tuesday,03:00,38,Female,961414,Current,False
TX683,1044.829432711801,3,966.5550045086536,13,5,Friday,19:00,33,Male,494152,Current,False
TX684,960.1530369771488,2,1052.9628797150697,13,2,Monday,10:00,53,Male,855839,Current,False
TX685,1041.3800988163025,1,988.7707128626264,10,27,Saturday,00:00,35,Male,851238,Savings,False
TX686,994.0029363186763,4,1014.8081424475448,8,4,Friday,17:00,44,Female,1317375,Savings,False
TX687,951.2214717038526,3,1015.5062842103928,8,28,Saturday,15:00,51,Female,813622,Savings,False
TX688,957.9334419095512,1,1018.6748058507468,17,24,Tuesday,21:00,30,Male,861340,Savings,False
TX689,1056.9207760327854,3,1000.5602583071778,10,19,Saturday,01:00,21,Female,604962,Current,False
TX690,970.7387002108252,3,1020.113101861532,12,6,Saturday,00:00,21,Male,1180432,Current,False
TX691,951.2316986360876,3,1026.0701586386951,19,12,Tuesday,18:00,23,Female,770949,Savings,False
TX692,1005.779899853186,3,977.6719044009992,7,22,Sunday,22:00,52,Male,1034172,Savings,False
TX693,896.2205995460733,2,998.2786061441822,5,16,Tuesday,22:00,34,Female,1054981,Savings,False
TX694,953.970855299706,2,990.1501921833268,12,22,Wednesday,23:00,36,Male,773656,Current,False
TX695,1024.250064576161,1,990.6435563433548,10,5,Monday,18:00,18,Male,675572,Current,False
TX696,989.8541268494778,1,1004.4070365854708,10,8,Tuesday,15:00,45,Male,1267241,Current,False
TX697,982.9206039245636,3,1000.034687134849,11,7,Thursday,20:00,24,Male,732941,Savings,False
TX698,1106.8260372645052,2,974.72583412042,14,18,Friday,16:00,54,Male,1293931,Current,False
TX699,1032.7487792110844,4,1016.2159729118342,5,22,Sunday,20:00,23,Female,986290,Savings,False
TX700,936.7750796522516,3,964.1378709493084,11,26,Friday,06:00,32,Male,382987,Current,False
TX701,1039.8497931861136,3,1009.0147758008708,13,5,Friday,01:00,50,Male,833285,Savings,False
TX702,1065.738991279825,2,988.6897742356472,7,15,Wednesday,22:00,46,Male,407041,Current,False
TX703,1077.6520538146324,3,950.3602732855938,7,26,Sunday,17:00,60,Female,1112934,Savings,False
TX704,1012.3905639757264,4,1025.6628061059616,10,7,Tuesday,06:00,43,Female,1483969,Savings,False
TX705,1025.678421367669,4,1037.3407421762245,5,1,Tuesday,18:00,64,Female,699017,Savings,False
TX706,1036.0764514728596,4,1002.1463182932392,13,15,Saturday,16:00,63,Male,801946,Current,False
TX707,973.7668796466598,4,1009.873096952863,6,7,Friday,14:00,42,Male,1487030,Savings,False
TX708,963.9291825127056,2,997.0438699290576,5,11,Tuesday,04:00,60,Female,974932,Current,False
TX709,963.8004834128697,4,996.0921929764596,18,24,Monday,16:00,41,Male,1080516,Current,False
TX710,984.0686298053702,4,1021.6447582305274,18,24,Monday,03:00,34,Female,985328,Current,False
TX711,1033.1362913259634,1,983.8572003404132,6,23,Friday,23:00,27,Male,939888,Current,False
TX712,976.487820384836,1,991.4187224619708,17,18,Monday,08:00,31,Male,549264,Current,False
TX713,1133.8988638084938,3,1001.2938887819274,15,12,Monday,12:00,32,Male,1053818,Savings,False
TX714,923.3649720055034,3,996.0743869722412,14,20,Tuesday,13:00,45,Female,1233296,Savings,False
TX715,971.205914377084,2,942.0021243945,5,10,Wednesday,16:00,61,Male,1134123,Current,False
TX716,972.9437313732578,3,1021.3374017675208,5,23,Tuesday,02:00,25,Female,1453891,Savings,False
TX717,1007.9823884703952,2,1011.4281677543756,8,16,Friday,21:00,18,Female,315896,Current,False
TX718,1083.4534762913163,2,981.1488398841624,12,29,Sunday,05:00,33,Male,655398,Savings,False
TX719,1014.8541725745416,2,1032.4245375945245,18,7,Monday,12:00,37,Male,1206814,Current,False
TX720,1003.8505378746472,2,980.653296061506,15,2,Saturday,11:00,47,Male,325739,Current,False
TX721,1002.1176065383715,2,1010.9843036500008,12,2,Thursday,20:00,45,Male,529167,Savings,False
TX722,1048.0152398140735,4,1009.249672481337,6,20,Thursday,13:00,20,Male,1050774,Savings,False
TX723,1044.375198370703,4,1015.2169330862296,18,16,Wednesday,01:00,61,Female,416220,Current,False
TX724,2903.890237835333,4,1073.1540360799816,10,18,Thursday,19:00,47,Female,905556,Current,True
TX725,970.1512856639464,4,952.1939126506112,7,6,Thursday,20:00,60,Female,884326,Savings,False
TX726,983.5527957321348,4,1007.1860516017152,7,26,Friday,22:00,54,Male,598254,Current,False
TX727,978.3978117512931,2,985.453838744594,9,8,Friday,10:00,55,Female,406311,Savings,False
TX728,1006.7020443116512,3,1004.812654880503,18,23,Saturday,09:00,29,Female,1348939,Current,False
TX729,1003.5445326411032,2,982.0793687246884,14,17,Monday,02:00,48,Male,1349458,Current,False
TX730,965.2517004350318,2,999.4434491074144,17,2,Tuesday,20:00,39,Female,696419,Current,False
TX731,950.0400147249488,4,1004.395934699962,5,10,Tuesday,05:00,25,Female,1418844,Current,False
TX732,1055.8123195259063,3,1030.160951828383,16,9,Tuesday,07:00,28,Female,900699,Savings,False
TX733,929.3852840035072,4,1001.803652749938,12,4,Friday,09:00,29,Female,748013,Current,False
TX734,1021.4460199090496,2,1012.217953478016,9,12,Tuesday,06:00,37,Female,896822,Current,False
TX735,896.745847687184,2,1000.5691516236632,10,22,Friday,11:00,39,Male,994089,Current,False
TX736,1082.1689077902267,4,1007.2129578287158,7,10,Friday,23:00,23,Male,732184,Current,False
TX737,995.0015110091548,3,968.0872647822064,6,24,Thursday,19:00,49,Male,617231,Current,False
TX738,983.9003736353202,1,989.8455377339372,8,10,Tuesday,10:00,40,Female,341139,Savings,False
TX739,904.763056028263,3,975.589516505639,11,8,Monday,20:00,19,Male,1164785,Current,False
TX740,988.7449900120616,4,983.1525838854532,7,19,Tuesday,21:00,35,Female,733917,Current,False
TX741,966.0678469352948,4,993.6352494451476,9,10,Sunday,19:00,28,Female,1102009,Current,False
TX742,1014.0266170277628,4,1020.3218704329394,13,4,Tuesday,18:00,35,Male,657092,Current,False
TX743,954.1073784052032,3,987.089761478212,10,16,Monday,11:00,41,Female,1119745,Current,False
TX744,998.8849858140974,1,986.222289148492,9,26,Saturday,21:00,30,Male,325938,Current,False
TX745,1046.621743547733,3,991.6979942207328,14,26,Sunday,11:00,19,Female,1464395,Current,False
TX746,994.7828603506554,2,1007.8661410001064,16,2,Sunday,04:00,24,Male,968875,Savings,False
TX747,1011.0404253944046,4,979.7955519577628,13,15,Friday,12:00,22,Female,561578,Current,False
TX748,1012.514765509152,1,1016.1823213648383,18,18,Sunday,09:00,24,Male,927751,Savings,False
TX749,919.3990549663736,3,984.4176405927464,8,21,Saturday,00:00,21,Male,1174506,Current,False
TX750,1015.7276085268384,3,1002.772917894236,17,21,Friday,12:00,44,Male,735686,Savings,False
TX751,980.582653084942,4,993.8876177786336,18,29,Sunday,03:00,57,Male,356116,Savings,False
TX752,924.3862203629462,1,982.012517456907,16,9,Thursday,04:00,45,Female,906306,Current,False
TX753,945.0689787411094,2,1028.4100857454212,10,4,Friday,00:00,24,Female,836119,Savings,False
TX754,1033.493572737933,3,1004.0308800359884,14,11,Monday,14:00,55,Male,1367406,Current,False
TX755,991.9222008187056,3,987.502471644689,14,12,Saturday,03:00,48,Female,1155953,Current,False
TX756,993.3717161327552,3,992.548623152471,16,2,Thursday,04:00,20,Female,1348072,Savings,False
TX757,989.9823711102918,3,1004.636841842697,18,25,Sunday,01:00,58,Male,1160931,Current,False
TX758,944.3684719380932,2,999.346193659976,19,28,Tuesday,15:00,29,Female,835620,Current,False
TX759,955.8770475883877,4,971.5285871563774,14,17,Wednesday,23:00,52,Female,590477,Savings,False
TX760,1084.2174258062491,2,1020.0004343018564,8,17,Wednesday,08:00,21,Male,1342630,Savings,False
TX761,1005.9648352511008,4,998.6608019340572,11,15,Sunday,14:00,57,Male,1023503,Current,False
TX762,1003.3296285875834,4,945.7351473167316,5,28,Tuesday,15:00,64,Female,633260,Savings,False
TX763,993.463146664338,4,1022.0988384446194,18,12,Saturday,03:00,20,Female,971088,Current,False
TX764,961.7095009970644,3,999.3095640033738,9,24,Thursday,11:00,48,Female,340633,Savings,False
TX765,1011.1545612529948,3,1025.249797897539,11,28,Friday,20:00,32,Female,1023953,Current,False
TX766,1022.1360137596322,1,1019.9270197518156,6,14,Saturday,03:00,53,Male,510387,Savings,False
TX767,992.359444146632,3,1030.1649480637,13,12,Friday,03:00,51,Male,1297057,Savings,False
TX768,933.540743332756,1,998.7762312444196,14,10,Tuesday,05:00,44,Female,510047,Savings,False
TX769,951.392380089867,1,1019.6463896551088,18,21,Monday,08:00,34,Female,607268,Savings,False
TX770,1033.770455946552,3,997.3471371148177,19,19,Thursday,17:00,50,Female,807532,Current,False
TX771,1019.7899424354872,1,1005.2710162390956,15,17,Thursday,11:00,27,Male,1234149,Current,False
TX772,3009.4014075242967,3,1001.7971232582676,9,28,Sunday,15:00,63,Female,1030070,Savings,True
TX773,1003.325913698034,1,987.3587848422588,16,5,Friday,17:00,64,Male,1157692,Current,False
TX774,1027.6978023541135,1,1017.1563768306958,7,10,Friday,02:00,58,Male,1261858,Savings,False
TX775,958.7650069821603,1,1026.6697699901013,11,20,Thursday,11:00,62,Male,525121,Savings,False
TX776,992.0157406255852,1,1008.6013137435064,5,23,Monday,16:00,19,Male,900338,Current,False
TX777,983.9768725120178,3,1000.495270761916,6,4,Wednesday,16:00,22,Male,1488597,Current,False
TX778,1099.4166996790298,4,1045.6099861295522,12,13,Thursday,05:00,42,Female,832125,Current,False
TX779,1125.5769798435072,1,999.1889876883552,8,19,Saturday,04:00,35,Male,1276809,Savings,False
TX780,1064.3312905051764,3,987.8003075696292,11,17,Monday,14:00,49,Male,1015003,Current,False
TX781,1008.8689585457234,3,958.0025353556192,7,13,Thursday,19:00,18,Female,319156,Current,False
TX782,1001.260543377004,3,969.1376354411426,15,27,Saturday,06:00,39,Female,1181809,Current,False
TX783,1048.604540937823,1,1026.068668830315,17,18,Thursday,07:00,48,Male,1333981,Savings,False
TX784,944.5876423641068,4,1031.881642639037,10,27,Sunday,08:00,26,Female,859650,Savings,False
TX785,1040.140202910661,2,1057.930372110395,8,7,Thursday,11:00,19,Female,1223882,Current,False
TX786,972.8203538138172,4,984.758094301087,8,29,Saturday,22:00,21,Female,545847,Savings,False
TX787,1020.6315311532936,3,987.9519675573129,16,10,Friday,11:00,59,Male,1092955,Savings,False
TX788,996.5938287416024,2,1007.2794126170548,19,12,Tuesday,16:00,21,Female,857373,Savings,False
TX789,996.02363661459,2,952.1263169653174,10,18,Saturday,12:00,51,Male,1065710,Savings,False
TX790,925.7971667537832,2,995.830635789192,10,10,Wednesday,02:00,29,Female,950332,Savings,False
TX791,1060.3304077431958,4,969.456642868207,6,4,Tuesday,06:00,41,Male,927763,Current,False
TX792,978.8200709135912,2,972.687651916197,13,27,Friday,18:00,38,Male,369093,Current,False
TX793,968.4987510233052,4,1014.6391100501968,10,3,Sunday,23:00,61,Female,738744,Savings,False
TX794,1024.7352826887516,2,1007.6687006280728,17,27,Saturday,16:00,53,Female,1449697,Savings,False
TX795,999.0063182315844,4,997.8547046837812,16,11,Wednesday,21:00,64,Female,744854,Savings,False
TX796,1013.0313928800014,4,1005.9730889651898,12,5,Thursday,06:00,56,Female,572168,Savings,False
TX797,1008.0442191495883,1,981.5481466634494,12,10,Monday,07:00,33,Male,1381516,Savings,False
TX798,1089.5632532085351,1,1002.9470254628648,12,10,Tuesday,19:00,51,Male,1269246,Current,False
TX799,997.6314648727782,2,968.3564647330776,10,9,Sunday,19:00,51,Male,807800,Savings,False
TX800,909.801667965266,1,1009.6391557449537,15,6,Friday,22:00,44,Male,353997,Savings,False
TX801,1032.471523310153,2,1011.6355791943778,8,25,Sunday,16:00,46,Female,457255,Savings,False
TX802,1092.948884722171,2,1019.6435797353338,6,15,Friday,06:00,35,Female,1000146,Savings,False
TX803,1019.809970019209,2,963.8328713516518,15,16,Thursday,17:00,40,Female,1453248,Current,False
TX804,1009.5746425836588,2,982.1294703009336,16,2,Saturday,12:00,58,Female,532911,Current,False
TX805,1014.7639970310436,1,984.47001719014,11,13,Thursday,23:00,44,Male,696601,Current,False
TX806,935.577490720535,3,1011.1781192232831,14,15,Friday,05:00,22,Female,779702,Current,False
TX807,1023.1371358352152,3,939.0814233783676,13,29,Saturday,18:00,56,Male,788195,Savings,False
TX808,1072.9319724251552,1,996.3672707140583,8,11,Monday,05:00,28,Male,1282426,Current,False
TX809,976.8521948695764,2,972.154476382882,18,2,Wednesday,03:00,28,Female,587166,Current,False
TX810,1017.6145222083144,3,982.5645862391684,5,25,Wednesday,05:00,37,Female,1425054,Savings,False
TX811,1054.0860847197546,4,990.8722707732504,17,10,Friday,08:00,19,Female,1344385,Savings,False
TX812,1038.8323014197074,2,998.8773143408084,6,12,Thursday,21:00,38,Female,889872,Current,False
TX813,1031.9879720891122,3,994.998830884162,14,5,Saturday,20:00,62,Female,629963,Current,False
TX814,991.6761306525988,3,990.604066107477,15,16,Monday,15:00,54,Male,488674,Current,False
TX815,910.9420792767183,1,955.3906396175108,6,22,Wednesday,05:00,43,Male,412313,Current,False
TX816,946.1978610275676,1,1004.316389464372,15,8,Monday,20:00,24,Male,773919,Current,False
TX817,940.1301143822976,2,983.81345148636,19,21,Thursday,07:00,63,Male,539646,Current,False
TX818,1023.0158359940168,1,1044.8845035987215,19,26,Tuesday,21:00,33,Female,1347635,Savings,False
TX819,980.157147754234,3,975.0644350432428,11,9,Friday,15:00,55,Male,1058171,Savings,False
TX820,991.705847500831,1,995.6399438283372,5,25,Monday,23:00,30,Male,1335865,Current,False
TX821,918.4362752215918,4,991.93053880014,16,8,Sunday,04:00,59,Female,757576,Current,False
TX822,1042.5039666208777,1,1008.353615044788,11,10,Tuesday,19:00,42,Male,1079957,Savings,False
TX823,1049.08904734779,2,967.0815230710796,10,21,Tuesday,17:00,40,Female,784353,Current,False
TX824,976.9415133982692,1,1015.1312934982628,5,17,Wednesday,00:00,62,Male,1171901,Savings,False
TX825,3094.6461734746645,3,987.3300662159096,15,24,Saturday,11:00,62,Female,1056556,Current,True
TX826,976.9583830101618,3,992.5314060996764,12,28,Thursday,15:00,57,Female,859119,Current,False
TX827,959.0133939094858,3,1016.866602197229,19,25,Tuesday,10:00,18,Female,1342137,Savings,False
TX828,974.6133348385122,3,962.8117334810748,17,10,Wednesday,17:00,51,Male,540617,Current,False
TX829,916.734546066118,1,994.16957378165,14,1,Friday,15:00,32,Female,536545,Savings,False
TX830,997.5397541913316,4,1009.7816775630148,16,13,Monday,23:00,52,Male,403535,Current,False
TX831,973.5111764578584,3,1020.5251285254196,13,16,Tuesday,18:00,18,Male,1460831,Savings,False
TX832,930.8253813732854,1,955.5511845081936,8,5,Friday,03:00,53,Female,442003,Current,False
TX833,975.6147313525628,1,1021.4866600954048,6,22,Tuesday,20:00,53,Female,531807,Current,False
TX834,1021.1439423376664,3,944.5155964803037,13,14,Monday,04:00,19,Male,320655,Savings,False
TX835,1037.122945679631,3,987.2482491584808,13,19,Wednesday,04:00,35,Female,389743,Savings,False
TX836,969.415016943351,2,941.2767593980168,11,12,Wednesday,04:00,34,Female,1160665,Current,False
TX837,1006.6093234757444,1,997.7056575175084,5,1,Thursday,03:00,35,Female,724632,Current,False
TX838,933.2473952286553,2,978.1966430158208,17,15,Friday,03:00,35,Male,1263313,Current,False
TX839,1013.9149489563916,4,993.9015557528536,15,14,Wednesday,18:00,59,Male,423199,Savings,False
TX840,1004.9409019464412,2,988.73220670078,19,20,Tuesday,15:00,42,Female,323525,Current,False
TX841,992.3557940369532,1,985.004463114318,16,20,Friday,07:00,61,Male,307265,Current,False
TX842,980.2763653285988,3,1006.3918529959,17,9,Tuesday,00:00,20,Female,546301,Current,False
TX843,1032.7268424913573,2,986.6738175610184,13,29,Saturday,08:00,43,Male,378209,Savings,False
TX844,1001.4039387023996,1,1002.084558782568,7,13,Sunday,11:00,52,Male,507158,Current,False
TX845,1020.2167738815303,3,981.754100736345,16,15,Tuesday,17:00,30,Female,1038925,Current,False
TX846,963.3736158086364,2,999.4343470258576,12,11,Sunday,01:00,54,Female,445693,Savings,False
TX847,990.1504675892844,3,987.7843610982826,7,13,Wednesday,23:00,23,Male,317194,Current,False
TX848,1043.9073967669265,4,995.072562831733,5,4,Tuesday,10:00,56,Male,559425,Savings,False
TX849,945.3929203285634,4,994.9264784491525,8,14,Thursday,21:00,47,Male,647761,Savings,False
TX850,948.6201124293784,2,990.2821035174924,12,2,Monday,14:00,26,Female,381171,Current,False
TX851,1046.983712401395,3,1024.8582676480023,19,8,Wednesday,22:00,44,Female,1055737,Savings,False
TX852,1050.9104792276348,2,947.6140210099812,14,29,Sunday,08:00,50,Male,509124,Current,False
TX853,955.6335270572116,3,1015.4359235447132,11,26,Thursday,07:00,22,Female,1326153,Savings,False
TX854,1054.80349537387,2,1008.5064261666022,9,22,Sunday,12:00,45,Female,1256010,Current,False
TX855,966.0384673403522,2,941.7148802036612,9,26,Friday,06:00,50,Female,1172089,Current,False
TX856,946.762192232616,2,996.6271626270344,5,6,Saturday,17:00,55,Female,1414217,Current,False
TX857,1031.8662341511535,4,1032.3260008544382,16,10,Monday,22:00,46,Male,1080237,Current,False
TX858,1018.354792086693,3,997.3280441334446,16,3,Saturday,21:00,40,Female,395335,Savings,False
TX859,1012.3041807658204,1,983.9543994572092,14,21,Sunday,08:00,32,Female,466963,Current,False
TX860,1035.920871173582,3,996.8450603353702,14,2,Wednesday,05:00,20,Male,1282014,Current,False
TX861,1066.428973571073,3,971.3760755484276,7,18,Sunday,08:00,29,Female,648292,Savings,False
TX862,1023.4121649035768,4,999.5964669659746,19,29,Tuesday,11:00,30,Male,1399044,Current,False
TX863,1073.5517345408553,3,986.0100955966471,14,14,Friday,02:00,32,Male,1393982,Current,False
TX864,936.4294408912964,3,975.0541470993968,6,6,Sunday,18:00,57,Male,832249,Savings,False
TX865,1015.5748034344224,2,982.2867547668752,13,6,Sunday,20:00,18,Male,910682,Savings,False
TX866,1070.3467372945877,4,990.3176301083035,16,13,Monday,07:00,20,Male,1303750,Savings,False
TX867,969.5824617660332,2,1011.8506061463552,11,5,Monday,20:00,28,Female,1484836,Current,False
TX868,1119.418599643522,2,1023.6851329039234,18,5,Wednesday,10:00,40,Female,1123271,Savings,False
TX869,3108.4240342478265,3,1002.2359831640678,9,21,Tuesday,04:00,62,Female,687932,Savings,True
TX870,1042.8047927115003,4,1011.5012153510088,6,25,Tuesday,05:00,58,Female,399122,Current,False
TX871,982.0773697006424,4,1008.9921649541992,13,25,Wednesday,02:00,29,Male,920804,Savings,False
TX872,921.4593983430422,1,1011.4138963207108,19,22,Wednesday,20:00,37,Male,999495,Current,False
TX873,972.2963136383004,2,1007.6426100879328,8,28,Tuesday,19:00,29,Female,388780,Current,False
TX874,1029.2341640958962,1,992.595488162673,12,18,Sunday,17:00,30,Female,773594,Savings,False
TX875,1014.4912158275235,1,1011.8686751924822,19,5,Saturday,15:00,58,Female,913655,Current,False
TX876,976.5412900268996,4,1024.6849563085495,14,5,Thursday,22:00,33,Female,786626,Current,False
TX877,1024.840625356796,3,983.180372020269,9,14,Sunday,16:00,50,Female,1038456,Savings,False
TX878,2982.897582712563,3,972.37985385094,5,26,Saturday,19:00,47,Male,551666,Current,True
TX879,970.314197073232,2,1022.1653364565786,11,14,Monday,06:00,57,Female,1157617,Savings,False
TX880,1033.9910172914483,2,1002.7503914544736,5,19,Wednesday,05:00,52,Female,651863,Current,False
TX881,895.4848550573422,4,996.5948350640818,14,10,Friday,10:00,44,Male,764271,Current,False
TX882,992.4941524373096,3,974.7198766410528,5,16,Sunday,15:00,52,Female,1001433,Current,False
TX883,976.8687689974174,3,995.3595097916672,5,21,Tuesday,10:00,53,Female,1352631,Current,False
TX884,1047.650079638299,1,981.5141508228828,16,21,Friday,05:00,20,Female,392115,Savings,False
TX885,966.2313380598356,1,1023.106008230434,9,6,Friday,01:00,64,Female,441774,Current,False
TX886,1066.2349352486526,2,996.8878414337412,10,7,Saturday,23:00,48,Female,553724,Savings,False
TX887,992.0847260995168,4,996.3229221368158,8,26,Friday,21:00,44,Female,1347738,Savings,False
TX888,1004.2252572846432,2,1015.9598909922448,9,26,Monday,02:00,25,Female,821397,Savings,False
TX889,981.0824058700116,1,1002.9063611065149,16,3,Wednesday,10:00,48,Female,558480,Current,False
TX890,1002.5268171396456,3,1029.796052631427,7,12,Sunday,10:00,54,Female,425604,Current,False
TX891,1012.389359052604,2,1032.025966635552,16,2,Thursday,14:00,21,Male,1012917,Savings,False
TX892,1009.3429851116034,2,1011.7823635754532,7,11,Thursday,23:00,19,Female,308314,Current,False
TX893,972.915719885216,2,1006.8173569025164,11,18,Saturday,21:00,27,Male,693186,Savings,False
TX894,951.362961318409,3,1010.283905054946,18,24,Thursday,10:00,56,Male,1315576,Savings,False
TX895,1043.53733222942,3,1018.9762619294324,10,21,Thursday,19:00,61,Male,1274303,Savings,False
TX896,965.6492950150252,4,972.9888807131404,16,14,Monday,18:00,52,Male,1426500,Savings,False
TX897,933.1857955707516,4,1020.24876873659,7,17,Monday,10:00,48,Male,1244353,Current,False
TX898,1009.2272651169671,2,1019.6911058192834,6,15,Sunday,16:00,49,Female,818790,Current,False
TX899,987.499265703232,2,982.355784080082,5,14,Saturday,18:00,41,Male,818993,Savings,False
TX900,1002.677031530775,2,1019.4321912650278,7,20,Friday,09:00,45,Male,831661,Savings,False
TX901,971.5275112753944,2,997.5195722522,10,13,Friday,07:00,21,Female,831930,Current,False
TX902,1007.5771604216236,3,965.1721878734696,19,26,Monday,04:00,51,Female,1499110,Savings,False
TX903,954.9252446552922,2,1012.0674634589463,11,28,Sunday,13:00,55,Female,705123,Current,False
TX904,989.995971709666,1,988.1499621239616,11,6,Thursday,04:00,20,Female,1099595,Savings,False
TX905,978.9261126347112,4,977.3791525140824,7,16,Thursday,10:00,57,Male,825122,Savings,False
TX906,1080.22537900827,3,978.8479559843014,18,2,Tuesday,18:00,26,Male,690447,Savings,False
TX907,940.1906564882034,1,993.863929711028,14,25,Thursday,13:00,61,Female,1150712,Savings,False
TX908,935.4719289026892,4,997.1348216927162,15,8,Tuesday,03:00,36,Male,816379,Current,False
TX909,1048.4774033444548,1,1009.4270498165546,14,19,Saturday,21:00,20,Female,928580,Savings,False
TX910,1019.4584905111724,3,1000.0141725536104,15,8,Thursday,01:00,26,Female,1143521,Savings,False
TX911,1061.7646257425213,4,996.5212985675914,11,8,Friday,21:00,50,Male,809163,Current,False
TX912,1069.2894711179904,4,1003.7582942238384,15,1,Wednesday,19:00,50,Male,751069,Current,False
TX913,1052.9390336745123,2,1003.9626330227176,12,25,Tuesday,01:00,26,Female,1191255,Current,False
TX914,946.1512226834744,2,1020.7176932310716,11,14,Tuesday,13:00,39,Female,1196650,Savings,False
TX915,946.8413322130324,4,1008.2926579048268,10,5,Wednesday,07:00,51,Female,590655,Current,False
TX916,1054.3551181007872,1,1006.304898531417,19,14,Thursday,21:00,33,Male,507580,Savings,False
TX917,1014.3387056191292,1,997.055894426288,17,21,Tuesday,20:00,22,Female,311017,Savings,False
TX918,1057.1837869702413,1,1020.3690691852796,5,20,Monday,14:00,63,Female,1218472,Current,False
TX919,994.2598875620469,4,1011.3354345236836,14,25,Monday,16:00,42,Male,891293,Savings,False
TX920,1035.5705289732748,2,1062.2582040208767,18,7,Monday,23:00,21,Female,931581,Current,False
TX921,963.5588450453528,4,1006.0855678326508,19,6,Wednesday,22:00,21,Male,529171,Savings,False
TX922,991.3408080301912,3,993.4667448309964,12,1,Tuesday,06:00,29,Female,327197,Current,False
TX923,1002.139145106216,1,1009.883604285616,6,13,Friday,22:00,53,Female,1405323,Savings,False
TX924,990.7037759525616,1,968.0121047561138,6,28,Thursday,14:00,48,Female,710343,Savings,False
TX925,1064.403786242619,4,1000.2901799852532,9,9,Sunday,07:00,49,Male,721743,Savings,False
TX926,1014.5522016430824,3,1040.084575485408,9,13,Sunday,04:00,60,Female,1447547,Current,False
TX927,1052.1530688647406,3,1027.2480387087685,11,7,Saturday,02:00,62,Male,1089622,Savings,False
TX928,957.90031101192,1,1002.6557563015411,8,27,Monday,13:00,34,Female,643243,Current,False
TX929,999.2656792804064,4,963.9699400698383,12,23,Thursday,09:00,46,Male,557137,Current,False
TX930,983.7134772374776,2,1014.8109073174888,10,21,Friday,08:00,53,Female,1459070,Current,False
TX931,1046.999040904641,1,992.2091441083368,19,9,Sunday,09:00,29,Female,412223,Savings,False
TX932,1007.1474805057694,4,1004.5342337268112,10,26,Thursday,10:00,52,Female,588997,Current,False
TX933,955.537815555295,1,1003.8852281935852,6,16,Monday,19:00,39,Male,1119593,Savings,False
TX934,1002.064372779372,4,1020.7431779731648,10,27,Thursday,04:00,40,Male,991898,Current,False
TX935,1019.1448228105544,2,1013.7796790545012,12,27,Thursday,18:00,31,Female,566278,Savings,False
TX936,2833.966439317554,3,1039.2559248674122,10,12,Tuesday,17:00,24,Female,1018960,Current,True
TX937,999.9536686884924,4,989.5715591183072,11,22,Monday,02:00,55,Male,913587,Current,False
TX938,936.1832039686732,4,983.3956656221544,18,17,Wednesday,09:00,52,Female,1058271,Savings,False
TX939,1002.880111300262,3,986.5626517823234,18,27,Monday,03:00,40,Male,1012585,Savings,False
TX940,1070.2585027797682,1,995.1731445519398,18,15,Tuesday,03:00,54,Female,472903,Savings,False
TX941,946.3155670541124,3,1001.6216508580164,7,18,Friday,18:00,36,Female,1260814,Current,False
TX942,998.0052808124144,2,971.9152086747682,8,16,Wednesday,06:00,29,Female,721001,Current,False
TX943,949.9166743189536,1,1015.7628708794188,8,21,Friday,19:00,41,Male,1148182,Savings,False
TX944,967.4842160068954,1,1012.2074739945056,11,26,Wednesday,08:00,29,Male,1143810,Current,False
TX945,1029.4250393130596,1,1013.3374469015158,17,23,Wednesday,09:00,54,Female,672646,Savings,False
TX946,1017.6711261902778,2,994.4572906151956,11,11,Sunday,12:00,48,Male,781153,Savings,False
TX947,1009.2562517157008,2,970.987566932944,11,4,Wednesday,01:00,33,Male,1389100,Savings,False
TX948,1012.6187104766803,4,1008.9572665519856,7,7,Saturday,07:00,30,Male,1081608,Current,False
TX949,1039.902993667617,1,976.4665634185988,15,7,Tuesday,18:00,21,Female,400025,Savings,False
TX950,1002.8594308595932,1,1009.1293950285742,16,7,Monday,00:00,18,Male,1037371,Current,False
TX951,959.214444468652,1,1022.3467108000395,8,1,Thursday,02:00,35,Male,373704,Current,False
TX952,955.9287546916324,3,1028.083318802008,18,29,Thursday,04:00,43,Male,1241208,Current,False
TX953,1083.6849223110432,4,981.6697401271356,8,6,Thursday,20:00,30,Male,1329237,Current,False
TX954,934.9206008598336,3,962.9396303420486,11,20,Monday,13:00,53,Female,741168,Savings,False
TX955,1010.9329653378647,4,991.0735896953132,12,20,Friday,07:00,41,Female,789858,Current,False
TX956,981.5530280484268,2,1004.2761758788212,10,14,Monday,12:00,50,Male,919225,Current,False
TX957,963.0453692160764,2,974.2808921541912,12,3,Sunday,18:00,47,Female,1112002,Savings,False
TX958,970.7047019659412,4,993.0247107060072,16,29,Wednesday,16:00,57,Male,1490064,Savings,False
TX959,1033.1435215052315,4,1001.5119897890188,15,25,Monday,01:00,27,Male,694569,Current,False
TX960,1005.3584957629798,4,978.429745172708,16,11,Sunday,22:00,44,Female,1390284,Savings,False
TX961,1008.1599229748178,2,991.6353442889016,10,9,Monday,14:00,43,Male,1131431,Savings,False
TX962,971.280877476853,1,1006.6967639004924,10,22,Wednesday,09:00,18,Female,305435,Savings,False
TX963,989.70051418811,2,988.5518945962737,11,7,Wednesday,03:00,48,Female,1321728,Current,False
TX964,996.1777436385752,3,984.8923284531252,11,29,Monday,09:00,19,Male,336069,Savings,False
TX965,1025.668628431901,2,972.487685686385,7,24,Sunday,10:00,32,Female,984659,Current,False
TX966,958.1649763291427,1,1012.0951845147656,6,18,Sunday,14:00,35,Female,443953,Current,False
TX967,951.710868356802,4,989.2285265340676,8,2,Wednesday,06:00,55,Female,941629,Current,False
TX968,979.3760494056032,2,985.2260500334088,12,1,Wednesday,01:00,38,Male,586268,Savings,False
TX969,1013.6210698326804,3,1008.349301796426,16,22,Thursday,17:00,18,Female,665837,Savings,False
TX970,1013.1844743534748,4,1024.4445541670968,12,13,Saturday,01:00,33,Male,998093,Current,False
TX971,1017.5883068907162,3,1010.476147261755,15,29,Friday,16:00,56,Male,429065,Savings,False
TX972,1030.4914538831747,4,958.4073343550592,14,27,Tuesday,13:00,29,Male,1102207,Savings,False
TX973,1080.9393819830434,3,1008.3165325891068,5,24,Friday,09:00,19,Female,333734,Current,False
TX974,925.1920593417676,2,981.6357566698042,18,17,Monday,08:00,37,Female,993812,Current,False
TX975,960.6129919552184,1,985.2400410010777,8,9,Monday,21:00,35,Male,360107,Savings,False
TX976,1023.78480161063,3,983.9685212384264,11,16,Friday,15:00,18,Female,824658,Current,False
TX977,1095.3648918213278,2,971.2781697492989,10,8,Friday,00:00,19,Male,870141,Current,False
TX978,991.7140285663288,3,999.82690692159,13,10,Thursday,04:00,21,Male,924588,Savings,False
TX979,1008.75874746545,1,980.6944732080088,11,29,Tuesday,00:00,59,Male,465486,Current,False
TX980,1023.7794217964292,1,965.0620861730888,11,7,Sunday,11:00,42,Male,512854,Savings,False
TX981,996.4329151354827,1,1017.0249156345882,5,1,Wednesday,05:00,54,Male,430334,Savings,False
TX982,1002.1197493369395,2,1009.0995233823804,18,4,Thursday,20:00,32,Male,899559,Savings,False
TX983,962.7621522380082,4,993.3924787331804,8,16,Saturday,11:00,33,Female,890642,Savings,False
TX984,1049.985740163272,1,982.0366123369575,19,18,Tuesday,09:00,56,Male,449457,Savings,False
TX985,1075.5540097567564,3,957.3272831668236,8,28,Friday,19:00,27,Female,381238,Current,False
TX986,1008.3785052900496,1,1023.2451919501134,14,22,Thursday,00:00,30,Male,379360,Savings,False
TX987,944.720764549302,4,1017.3389233182118,19,23,Friday,10:00,34,Male,525121,Savings,False
TX988,990.4879577793392,3,970.051066627885,19,17,Sunday,08:00,27,Female,511463,Savings,False
TX989,937.8876733225384,1,977.4882577193606,10,17,Wednesday,19:00,26,Female,393476,Current,False
TX990,1002.6660834214402,2,986.612349306929,13,3,Monday,21:00,40,Male,300801,Current,False
TX991,3091.3103383686625,2,988.8573885485554,14,16,Thursday,00:00,25,Male,912236,Savings,True
TX992,921.2851325722224,2,979.9879523777936,18,5,Tuesday,18:00,64,Female,878725,Current,False
TX993,946.0890914941848,4,1007.5418044085357,8,21,Tuesday,17:00,27,Female,833857,Savings,False
TX994,982.2441717278446,4,974.0072466027516,17,29,Saturday,13:00,21,Male,1142329,Current,False
TX995,901.1387577380508,3,976.3632286118202,17,19,Monday,05:00,46,Female,424746,Savings,False
TX996,928.962515516045,4,1028.292292362822,10,25,Wednesday,09:00,58,Female,908278,Current,False
TX997,950.92160027218,2,1022.823423677076,13,28,Friday,02:00,58,Female,1353498,Current,False
TX998,933.2919620497504,4,994.3254499109344,10,8,Tuesday,04:00,58,Female,359072,Savings,False
TX999,968.2893403157236,3,979.078419682935,18,10,Sunday,10:00,31,Female,1101680,Current,False
